1_G137.1;2_G-56.47;3_G36.31;6_G63.29;8_G40.43
105.78365;104.5;101.449875;107.0;109.0
105.649605;104.5;101.52786;107.0;-1.0
105.58981;104.5;101.86406;107.0;109.0
-1.0;104.5;-1.0;107.0;109.0
105.631096;104.5;101.73651;107.0;109.0
104.50696;-1.0;101.0;107.0;109.0
105.87118;104.5;-1.0;-1.0;109.0
-1.0;104.5;101.97481;107.0;109.0
105.785515;104.5;101.40286;107.0;109.0
105.92373;104.5;101.0;107.0;-1.0
105.90566;104.5;101.17998;107.0;109.0
105.89443;104.5;101.19596;-1.0;109.0
106.0;104.5;-1.0;107.0;109.0
-1.0;104.5;-1.0;107.0;109.0
105.83356;104.5;101.31304;107.0;109.0
105.86663;104.5;101.22812;107.0;109.0
105.800186;104.5;101.344406;107.0;109.0
105.82133;104.5;101.40261;107.0;109.0
105.85235;104.5;101.36256;107.0;109.0
105.82324;104.5;101.297005;107.0;109.0
105.9048;104.5;-1.0;107.0;109.0
105.793495;104.5;101.38811;107.0;109.0
-1.0;104.5;101.88361;107.0;109.0
105.91137;104.5;-1.0;-1.0;109.0
105.751144;104.5;101.474846;107.0;109.0
105.72035;104.5;101.461555;107.0;109.0
104.38025;-1.0;101.0;-1.0;109.0
105.61141;104.5;101.84794;107.0;109.0
105.600815;104.5;101.7498;107.0;109.0
-1.0;104.5;102.09222;-1.0;109.0
105.73724;104.5;101.54058;107.0;109.0
-1.0;104.5;101.94626;107.0;-1.0
-1.0;104.5;101.7234;107.0;109.0
105.86688;104.5;101.270966;107.0;109.0
105.99847;104.5;101.0;107.0;-1.0
105.95744;104.5;101.0;-1.0;109.0
105.96088;104.5;101.0;107.0;109.0
105.93932;104.5;101.1285;107.0;109.0
104.56336;-1.0;101.0;-1.0;109.0
104.23501;-1.0;101.0;-1.0;109.0
-1.0;104.5;-1.0;107.0;-1.0
-1.0;104.5;101.610725;107.0;-1.0
105.930534;104.5;101.08225;-1.0;109.0
105.9262;104.5;101.0;107.0;109.0
105.86857;104.5;101.2863;-1.0;109.0
105.914185;104.5;101.0;107.0;-1.0
105.81745;104.5;101.36166;107.0;109.0
105.79511;104.5;101.37617;107.0;109.0
104.25759;-1.0;101.0;107.0;-1.0
104.63198;-1.0;101.0;107.0;109.0
105.68396;104.5;101.66557;-1.0;109.0
105.65986;104.5;101.69196;107.0;109.0
104.05204;-1.0;101.0;-1.0;109.0
105.64412;104.5;101.72948;107.0;109.0
105.68454;104.5;101.69942;107.0;109.0
105.8408;104.5;101.1532;107.0;-1.0
105.84556;104.5;101.28238;107.0;109.0
106.0;104.5;-1.0;107.0;109.0
105.9248;104.5;101.06898;107.0;109.0
105.96609;104.5;101.0;107.0;-1.0
105.9371;104.5;101.0;107.0;-1.0
105.9201;104.5;101.0146;107.0;109.0
105.908844;104.5;101.0;107.0;-1.0
-1.0;104.5;102.22549;-1.0;109.0
105.925316;104.5;101.0;107.0;109.0
105.81691;104.5;101.32822;107.0;109.0
106.0;104.5;-1.0;107.0;109.0
105.885605;104.5;101.12637;-1.0;109.0
105.75505;104.5;101.33685;107.0;109.0
105.78959;104.5;101.36307;107.0;109.0
105.9143;104.5;101.22078;-1.0;109.0
104.986404;-1.0;101.0;107.0;109.0
105.8073;104.5;101.339424;107.0;109.0
-1.0;104.5;101.95641;107.0;109.0
105.670555;104.5;101.68484;107.0;109.0
105.692375;104.5;101.58172;107.0;109.0
105.66073;104.5;101.65953;107.0;109.0
105.61922;104.5;101.83001;107.0;109.0
105.755;104.5;101.54926;107.0;109.0
105.81662;104.5;101.383415;107.0;109.0
-1.0;104.5;101.84722;107.0;109.0
105.89462;104.5;101.37445;107.0;109.0
106.0;104.5;-1.0;107.0;109.0
105.999466;104.5;101.003525;107.0;109.0
105.937164;104.5;101.08839;107.0;109.0
-1.0;104.5;101.761986;107.0;109.0
105.96231;104.5;101.00211;107.0;109.0
105.89177;104.5;101.0477;-1.0;109.0
105.82845;104.5;101.39342;-1.0;109.0
105.84467;104.5;101.1433;107.0;109.0
105.91927;104.5;101.18978;107.0;109.0
105.913536;104.5;101.13144;107.0;109.0
104.37426;-1.0;101.0;-1.0;109.0
105.770775;104.5;101.511055;107.0;109.0
105.79362;104.5;101.40678;107.0;109.0
105.793945;104.5;101.400826;107.0;109.0
105.75724;104.5;101.50455;107.0;109.0
105.83879;104.5;-1.0;107.0;109.0
105.71135;104.5;101.741196;-1.0;109.0
105.59895;104.5;101.86987;107.0;109.0
105.60444;104.5;101.88036;107.0;109.0
105.64823;104.5;101.687065;107.0;109.0
105.84897;104.5;-1.0;107.0;109.0
105.773384;104.5;101.53612;107.0;109.0
105.900955;104.5;101.09281;107.0;109.0
105.89751;104.5;101.02652;107.0;109.0
105.888794;104.5;101.081955;107.0;109.0
105.9449;104.5;101.02573;107.0;109.0
105.88356;104.5;101.302216;107.0;109.0
105.92727;104.5;101.04064;107.0;109.0
105.87937;104.5;101.18077;107.0;109.0
105.76544;104.5;101.43912;107.0;109.0
105.76755;104.5;101.42879;107.0;109.0
105.95896;104.5;-1.0;107.0;109.0
105.92508;104.5;-1.0;107.0;109.0
105.96482;104.5;101.09386;107.0;109.0
105.82732;104.5;101.316635;107.0;109.0
105.76336;104.5;101.52048;107.0;109.0
104.2711;-1.0;101.0;-1.0;109.0
105.7961;104.5;101.33375;107.0;109.0
105.59999;104.5;101.88399;107.0;109.0
104.32637;-1.0;101.0;107.0;109.0
105.44478;104.5;101.918594;107.0;-1.0
105.52473;104.5;101.84523;107.0;109.0
105.47721;104.5;102.086044;107.0;109.0
105.519585;104.5;102.02519;107.0;109.0
105.544174;104.5;101.9482;107.0;109.0
105.66857;104.5;101.58617;107.0;109.0
105.76679;104.5;101.286285;107.0;-1.0
105.70593;104.5;101.62925;107.0;109.0
105.76854;104.5;101.3453;107.0;109.0
105.77389;104.5;101.5376;107.0;109.0
105.88436;104.5;101.15939;107.0;109.0
105.76442;104.5;101.49233;107.0;109.0
105.73081;104.5;101.59115;107.0;109.0
105.701256;104.5;101.71531;107.0;109.0
105.66435;104.5;101.670006;107.0;109.0
105.66837;104.5;101.44664;107.0;-1.0
105.70163;104.5;101.0;-1.0;-1.0
105.76127;104.5;101.40774;107.0;109.0
105.7503;104.5;101.34494;107.0;109.0
105.669235;104.5;101.69494;107.0;109.0
104.55896;-1.0;101.0;107.0;109.0
105.69992;104.5;101.554474;107.0;109.0
-1.0;104.5;102.14962;107.0;-1.0
105.491905;104.5;102.07637;107.0;109.0
105.50527;104.5;102.02658;107.0;109.0
105.480385;104.5;102.06059;-1.0;109.0
105.428406;104.5;102.17869;107.0;109.0
105.46839;104.5;102.15212;107.0;109.0
105.65992;104.5;-1.0;107.0;109.0
105.610565;104.5;101.47818;107.0;-1.0
105.624664;104.5;101.8097;107.0;109.0
105.74945;104.5;101.394646;-1.0;109.0
105.664154;104.5;101.716896;107.0;109.0
105.676186;104.5;101.714584;107.0;109.0
105.66634;104.5;101.660286;107.0;109.0
105.64742;104.5;101.74058;107.0;109.0
105.68648;104.5;101.7287;107.0;109.0
105.64871;104.5;101.75268;107.0;109.0
-1.0;104.5;102.354065;107.0;109.0
105.546326;104.5;101.3541;-1.0;-1.0
105.67642;104.5;101.71419;107.0;109.0
105.66093;104.5;101.74046;107.0;109.0
105.67368;104.5;101.788666;107.0;109.0
105.58432;104.5;101.85427;107.0;109.0
105.7414;104.5;-1.0;107.0;109.0
-1.0;104.5;102.301506;107.0;109.0
105.74806;104.5;101.48464;107.0;109.0
105.65295;104.5;101.646065;107.0;109.0
105.64293;104.5;101.82127;107.0;109.0
105.570915;104.5;101.831635;107.0;109.0
105.599236;104.5;101.79775;107.0;109.0
105.6025;104.5;101.947075;107.0;109.0
105.672585;104.5;101.7696;107.0;109.0
105.83223;104.5;101.06145;107.0;-1.0
105.85548;104.5;101.175896;107.0;109.0
105.88924;104.5;101.21758;107.0;109.0
105.9504;104.5;101.0;107.0;-1.0
105.87335;104.5;101.20719;107.0;109.0
104.87728;-1.0;101.0;107.0;109.0
105.87854;104.5;101.28252;107.0;109.0
105.86343;104.5;101.31318;107.0;109.0
105.782745;104.5;101.61587;107.0;109.0
105.749405;104.5;101.57771;107.0;109.0
104.73694;-1.0;101.0;107.0;109.0
105.86229;104.5;101.0;107.0;-1.0
105.82763;104.5;101.4534;107.0;109.0
105.971176;104.5;-1.0;-1.0;109.0
105.910446;104.5;-1.0;107.0;109.0
105.93774;104.5;-1.0;107.0;109.0
105.78258;104.5;101.58723;107.0;109.0
-1.0;104.5;101.24069;107.0;109.0
-1.0;104.5;101.60056;107.0;109.0
-1.0;104.5;-1.0;107.0;109.0
-1.0;104.5;101.5802;107.0;109.0
-1.0;104.5;101.76607;107.0;109.0
-1.0;104.5;101.59268;107.0;109.0
-1.0;104.5;102.09562;107.0;109.0
-1.0;104.5;101.21132;107.0;109.0
-1.0;104.5;101.01367;107.0;109.0
-1.0;104.5;-1.0;107.0;109.0
-1.0;104.5;101.0;-1.0;109.0
-1.0;104.5;101.0;107.0;-1.0
-1.0;104.5;101.0;107.0;109.0
-1.0;104.5;101.80216;107.0;109.0
-1.0;104.5;101.00323;107.0;109.0
-1.0;104.5;101.0;107.0;109.0
-1.0;104.5;101.29793;107.0;109.0
-1.0;104.5;101.17566;107.0;109.0
-1.0;104.5;101.0;107.0;109.0
-1.0;104.5;101.13016;107.0;109.0
-1.0;104.5;101.12516;107.0;109.0
-1.0;104.5;-1.0;107.0;109.0
-1.0;104.5;101.154106;107.0;109.0
-1.0;104.5;101.262985;107.0;109.0
105.76896;104.5;101.27923;-1.0;109.0
105.67671;104.5;101.70921;107.0;109.0
105.69497;104.5;101.67567;107.0;109.0
105.67192;104.5;-1.0;107.0;109.0
103.767136;-1.0;-1.0;107.0;109.0
104.39674;-1.0;101.0;107.0;109.0
105.751854;104.5;101.482346;107.0;109.0
105.815994;104.5;101.42885;107.0;109.0
105.911934;104.5;101.03348;107.0;109.0
106.0;104.5;-1.0;107.0;109.0
104.97549;-1.0;101.0;107.0;109.0
105.940636;104.5;101.0;107.0;109.0
105.000786;-1.0;101.0;107.0;109.0
105.93978;104.5;101.11958;107.0;109.0
104.957756;-1.0;101.0;107.0;109.0
105.82221;104.5;101.41398;107.0;109.0
105.79399;104.5;101.514114;107.0;109.0
105.870575;104.5;101.10429;107.0;109.0
105.97997;104.5;101.0;107.0;-1.0
106.0;104.5;101.0;-1.0;109.0
105.854774;104.5;101.36019;107.0;109.0
105.76613;104.5;101.46526;107.0;109.0
105.8325;104.5;101.199615;107.0;109.0
105.7991;104.5;101.36299;107.0;109.0
105.74791;104.5;101.40421;107.0;109.0
105.83005;104.5;-1.0;107.0;109.0
105.65744;104.5;101.74373;107.0;109.0
104.35595;-1.0;101.0;107.0;109.0
105.63708;104.5;101.422325;107.0;-1.0
105.66396;104.5;101.71444;107.0;109.0
105.72641;104.5;101.449066;107.0;109.0
-1.0;104.5;101.909706;107.0;109.0
105.82645;104.5;101.380264;107.0;109.0
104.97103;-1.0;101.0;107.0;109.0
-1.0;104.5;101.612206;107.0;109.0
105.05287;-1.0;101.0;107.0;109.0
105.98862;104.5;101.0;107.0;109.0
106.0;104.5;101.0;107.0;109.0
105.892456;104.5;101.0;107.0;109.0
105.84102;104.5;101.214584;107.0;109.0
105.798485;104.5;101.30628;107.0;109.0
105.86559;104.5;101.216286;107.0;109.0
105.86641;104.5;101.011856;107.0;-1.0
-1.0;104.5;102.11786;-1.0;109.0
104.894516;-1.0;101.0;107.0;109.0
105.98314;104.5;-1.0;107.0;109.0
104.80192;-1.0;101.0;107.0;109.0
105.86217;104.5;101.27069;107.0;109.0
105.74477;104.5;101.69614;107.0;109.0
105.68628;104.5;101.70392;107.0;109.0
105.70008;104.5;101.71002;107.0;109.0
105.69976;104.5;-1.0;107.0;109.0
105.53951;104.5;101.95361;107.0;109.0
105.67121;104.5;101.63341;-1.0;109.0
105.75145;104.5;101.18728;107.0;-1.0
105.911064;104.5;-1.0;107.0;109.0
105.91165;104.5;101.17018;107.0;109.0
-1.0;104.5;101.74766;107.0;109.0
105.90028;104.5;101.22179;107.0;109.0
105.98971;104.5;101.0;107.0;109.0
103.13327;-1.0;-1.0;107.0;109.0
105.88852;104.5;101.13255;107.0;109.0
105.95692;104.5;101.0;107.0;109.0
105.80803;104.5;101.43002;107.0;109.0
105.736;104.5;101.55365;107.0;109.0
105.841225;104.5;101.4011;107.0;109.0
105.93901;104.5;101.0;107.0;109.0
105.86207;104.5;101.23063;107.0;109.0
-1.0;104.5;101.91007;107.0;109.0
105.73202;104.5;101.44537;107.0;109.0
-1.0;104.5;-1.0;107.0;109.0
105.800575;104.5;101.48619;107.0;109.0
105.65211;104.5;101.75146;107.0;109.0
105.60172;104.5;101.53745;107.0;-1.0
104.352234;-1.0;101.0;107.0;109.0
105.531044;104.5;101.96923;107.0;109.0
105.49197;104.5;102.00121;107.0;109.0
105.55821;104.5;101.911476;-1.0;109.0
104.35813;-1.0;101.0;107.0;109.0
105.69674;104.5;101.415215;107.0;109.0
105.68893;104.5;101.71493;107.0;109.0
105.80863;104.5;101.36005;107.0;109.0
105.823975;104.5;101.41117;107.0;109.0
105.79519;104.5;101.40077;-1.0;109.0
104.67882;-1.0;101.0;107.0;109.0
105.76869;104.5;101.126785;107.0;-1.0
105.857994;104.5;-1.0;-1.0;109.0
105.66936;104.5;101.77775;107.0;109.0
104.71821;-1.0;100.71532;109.524605;-1.0
105.663795;104.5;101.49175;107.0;109.0
105.788155;104.5;101.318855;107.0;109.0
105.78815;104.5;101.03963;107.0;-1.0
104.706635;-1.0;101.0;107.0;109.0
105.76161;104.5;-1.0;107.0;109.0
104.584496;-1.0;101.0;107.0;109.0
105.64608;104.5;101.703224;107.0;109.0
-1.0;104.5;102.2008;107.0;109.0
105.54099;104.5;101.90681;107.0;109.0
105.4925;104.5;102.03384;107.0;109.0
105.4635;104.5;102.138535;107.0;109.0
105.45067;104.5;102.07057;107.0;109.0
105.5013;104.5;101.98866;107.0;109.0
105.55823;104.5;101.6667;107.0;-1.0
105.631195;104.5;101.73082;-1.0;109.0
105.6639;104.5;101.76878;107.0;109.0
105.69328;104.5;101.66233;107.0;109.0
105.7276;104.5;101.530716;107.0;109.0
105.653404;104.5;101.65332;107.0;109.0
105.708725;104.5;101.607864;107.0;109.0
105.70697;104.5;101.64696;107.0;109.0
105.63346;104.5;101.748314;107.0;109.0
105.63489;104.5;101.75961;107.0;109.0
105.62027;104.5;101.80304;107.0;109.0
105.64128;104.5;101.66291;107.0;109.0
105.68208;104.5;101.70138;107.0;109.0
105.66874;104.5;101.643166;107.0;109.0
105.622444;104.5;101.91444;107.0;109.0
105.75434;104.5;-1.0;107.0;-1.0
105.58003;104.5;101.61274;107.0;-1.0
104.47203;-1.0;101.0;107.0;109.0
105.69989;104.5;101.58928;107.0;109.0
105.67368;104.5;101.67029;-1.0;109.0
105.677216;104.5;101.764366;107.0;109.0
105.62205;104.5;101.886925;107.0;109.0
105.544975;104.5;101.92639;107.0;109.0
105.58252;104.5;101.816925;107.0;109.0
105.70514;104.5;101.69317;107.0;109.0
105.77619;104.5;101.40175;107.0;109.0
105.87662;104.5;101.18307;107.0;109.0
105.85734;104.5;101.0;107.0;-1.0
105.920265;104.5;101.10364;107.0;109.0
105.88292;104.5;101.26867;107.0;109.0
105.98655;104.5;101.0;107.0;109.0
105.821526;104.5;101.40453;107.0;109.0
104.88713;-1.0;101.0;107.0;109.0
105.80919;104.5;101.256195;107.0;109.0
105.730385;104.5;101.59181;107.0;109.0
105.81417;104.5;101.393135;107.0;109.0
105.889534;104.5;101.44186;107.0;109.0
106.0;104.5;101.0;-1.0;109.0
105.80978;104.5;101.35209;107.0;109.0
104.72962;-1.0;101.0;107.0;109.0
104.304985;-1.0;101.0;-1.0;109.0
104.71016;-1.0;101.0;107.0;109.0
105.90248;104.5;-1.0;107.0;109.0
105.68951;104.5;101.63749;107.0;109.0
105.676865;104.5;101.68151;107.0;109.0
105.57588;104.5;101.89751;107.0;109.0
-1.0;104.5;102.36253;107.0;109.0
105.74629;104.5;101.46351;-1.0;109.0
105.74932;104.5;101.20206;107.0;-1.0
105.86861;104.5;101.27616;107.0;109.0
105.88131;104.5;101.24514;107.0;109.0
105.91305;104.5;101.31493;107.0;109.0
106.0;104.5;101.112305;107.0;109.0
106.0;104.5;101.0;107.0;109.0
105.90155;104.5;101.1858;107.0;109.0
-1.0;104.5;-1.0;107.0;109.0
105.8459;104.5;101.2092;107.0;109.0
105.8468;104.5;101.27921;107.0;109.0
106.0;104.5;-1.0;107.0;109.0
105.82232;104.5;101.28755;107.0;109.0
105.85982;104.5;101.333595;107.0;109.0
105.88147;104.5;101.40046;107.0;109.0
105.83088;104.5;101.299614;107.0;109.0
105.8072;104.5;101.477264;107.0;109.0
105.81733;104.5;101.58081;107.0;109.0
105.875175;104.5;101.18895;107.0;109.0
105.71837;104.5;101.559326;107.0;109.0
105.800316;104.5;101.37945;107.0;109.0
105.68512;104.5;101.369255;107.0;-1.0
105.62031;104.5;101.51613;107.0;-1.0
105.67623;104.5;-1.0;107.0;-1.0
105.77772;104.5;-1.0;107.0;109.0
105.74841;104.5;101.452095;-1.0;109.0
105.80926;104.5;101.36433;107.0;109.0
105.89497;104.5;101.28015;107.0;109.0
-1.0;104.5;101.891914;107.0;109.0
105.99377;104.5;101.0;107.0;109.0
106.0;104.5;101.03386;107.0;109.0
105.98235;104.5;101.0;107.0;109.0
105.92434;104.5;101.086235;107.0;109.0
106.0;104.5;-1.0;107.0;109.0
105.8425;104.5;101.45489;107.0;109.0
105.84242;104.5;101.434814;107.0;109.0
105.85569;104.5;101.21274;107.0;109.0
105.98651;104.5;101.0;107.0;109.0
106.0;104.5;101.0;107.0;-1.0
105.9421;104.5;-1.0;-1.0;-1.0
-1.0;104.5;102.15558;107.0;109.0
105.82272;104.5;101.393425;107.0;109.0
105.80228;104.5;101.422134;-1.0;109.0
105.76471;104.5;101.576614;107.0;109.0
105.65458;104.5;101.037346;-1.0;-1.0
-1.0;104.5;102.14804;107.0;-1.0
-1.0;104.5;102.24703;107.0;109.0
103.77063;-1.0;-1.0;107.0;109.0
105.66805;104.5;101.77509;107.0;109.0
105.72939;104.5;101.50208;107.0;109.0
105.79676;104.5;101.32418;107.0;109.0
105.88916;104.5;101.0;107.0;109.0
105.86748;104.5;101.33287;107.0;109.0
105.98971;104.5;101.01682;107.0;109.0
105.27291;-1.0;101.0;107.0;109.0
-1.0;104.5;101.734375;107.0;109.0
105.00117;-1.0;101.0;107.0;109.0
105.913475;104.5;101.07707;107.0;109.0
105.84691;104.5;101.226814;107.0;109.0
105.83545;104.5;101.0;107.0;-1.0
105.84625;104.5;101.4669;107.0;109.0
106.0;104.5;-1.0;-1.0;109.0
105.88498;104.5;101.15896;107.0;109.0
105.849205;104.5;101.36331;107.0;109.0
105.74896;104.5;101.695175;107.0;109.0
105.8335;104.5;101.25623;107.0;109.0
104.90084;-1.0;101.0;107.0;109.0
105.85054;104.5;101.077675;107.0;109.0
105.62908;104.5;101.60628;107.0;109.0
105.63413;104.5;101.74033;107.0;109.0
105.61065;104.5;101.70398;107.0;109.0
105.606995;104.5;101.85289;107.0;109.0
105.562294;104.5;101.943375;107.0;109.0
105.701836;104.5;101.55362;107.0;109.0
105.76798;104.5;101.378;107.0;109.0
105.827095;104.5;101.41717;107.0;109.0
105.930305;104.5;101.0876;107.0;109.0
105.92927;104.5;101.04575;107.0;109.0
102.99781;-1.0;-1.0;107.0;109.0
105.95376;104.5;101.05995;107.0;109.0
106.0;104.5;-1.0;107.0;109.0
105.900406;104.5;101.0;107.0;-1.0
105.86222;104.5;101.34053;107.0;109.0
105.799904;104.5;101.499245;107.0;109.0
105.83309;104.5;101.26854;107.0;109.0
105.88057;104.5;101.17564;107.0;109.0
105.94266;104.5;101.029396;107.0;109.0
105.8115;104.5;101.22463;107.0;109.0
105.76136;104.5;101.56933;107.0;109.0
105.93103;104.5;-1.0;107.0;109.0
104.84663;-1.0;101.0;107.0;109.0
105.59228;104.5;101.936485;107.0;109.0
105.587585;104.5;101.85569;107.0;109.0
105.53682;104.5;102.04247;107.0;109.0
105.48599;104.5;102.1081;107.0;109.0
-1.0;104.5;102.29546;107.0;109.0
105.49063;104.5;101.421814;-1.0;-1.0
105.61685;104.5;101.84144;-1.0;109.0
105.72403;104.5;101.58938;-1.0;109.0
105.74265;104.5;101.37403;107.0;109.0
105.94956;104.5;-1.0;107.0;109.0
105.68892;104.5;101.668335;107.0;109.0
105.84568;104.5;101.27554;107.0;109.0
105.79333;104.5;101.28674;107.0;109.0
105.793015;104.5;101.21338;107.0;109.0
104.59329;-1.0;101.0;107.0;109.0
105.69984;104.5;101.59279;107.0;109.0
105.66897;104.5;101.33733;107.0;-1.0
105.68544;104.5;101.66824;107.0;109.0
104.705864;-1.0;101.0;107.0;109.0
105.78616;104.5;101.50163;107.0;109.0
105.61923;104.5;101.765724;107.0;109.0
105.723755;104.5;101.58682;-1.0;109.0
105.72228;104.5;101.64609;107.0;109.0
105.69743;104.5;101.30766;107.0;-1.0
105.68244;104.5;-1.0;-1.0;-1.0
105.52312;104.5;101.99619;107.0;109.0
-1.0;104.5;102.42943;107.0;109.0
105.460556;104.5;101.79087;107.0;-1.0
105.50192;104.5;101.769035;107.0;-1.0
105.59216;104.5;-1.0;107.0;109.0
-1.0;104.5;102.36753;107.0;109.0
105.636185;104.5;101.7152;-1.0;109.0
105.62646;104.5;101.83753;107.0;109.0
105.62739;104.5;101.68731;107.0;109.0
105.70066;104.5;101.53851;107.0;109.0
105.767914;104.5;101.42714;-1.0;109.0
105.667595;104.5;101.69419;107.0;109.0
105.72766;104.5;101.606865;107.0;109.0
-1.0;104.5;102.046036;107.0;-1.0
105.65252;104.5;101.71047;107.0;109.0
105.636154;104.5;101.71508;107.0;109.0
105.66945;104.5;101.64707;107.0;109.0
105.64654;104.5;101.66026;107.0;109.0
104.49705;-1.0;101.0;107.0;109.0
105.64927;104.5;101.74437;107.0;109.0
-1.0;104.5;102.19732;107.0;109.0
104.52123;-1.0;101.0;107.0;109.0
105.60881;104.5;101.792595;107.0;109.0
105.76387;104.5;101.50085;107.0;109.0
105.64907;104.5;101.74562;-1.0;109.0
105.59677;104.5;101.5995;107.0;-1.0
105.57751;104.5;101.797905;107.0;109.0
105.57821;104.5;101.89773;-1.0;109.0
105.60934;104.5;101.68895;107.0;109.0
105.658905;104.5;101.63651;107.0;109.0
-1.0;104.5;102.08292;107.0;109.0
-1.0;104.5;101.93143;107.0;109.0
105.85594;104.5;101.251076;107.0;109.0
105.90797;104.5;101.0;107.0;-1.0
105.898315;104.5;101.19017;107.0;109.0
106.0;104.5;-1.0;107.0;-1.0
105.893135;104.5;101.0;107.0;109.0
105.958244;104.5;-1.0;107.0;109.0
105.81453;104.5;101.35099;107.0;109.0
105.807724;104.5;101.40405;107.0;109.0
105.86084;104.5;101.22673;107.0;109.0
-1.0;104.5;101.96892;107.0;109.0
105.8727;104.5;101.26863;107.0;109.0
105.83377;104.5;101.04103;107.0;-1.0
105.95293;104.5;-1.0;107.0;109.0
105.761856;104.5;101.14821;107.0;-1.0
105.74629;104.5;101.5056;107.0;109.0
105.827675;104.5;101.3322;-1.0;109.0
105.72238;104.5;101.58139;107.0;109.0
105.69498;104.5;101.47668;107.0;109.0
105.60473;104.5;101.80506;107.0;109.0
105.66675;104.5;101.83915;-1.0;109.0
105.714615;104.5;101.68851;107.0;109.0
105.725174;104.5;101.431786;-1.0;109.0
105.80709;104.5;101.491486;107.0;109.0
105.899536;104.5;101.30776;107.0;109.0
104.033;-1.0;102.68262;-1.0;-1.0
105.928696;104.5;101.153175;107.0;109.0
105.88526;104.5;101.24655;107.0;109.0
105.88157;104.5;101.08021;107.0;109.0
106.0;104.5;-1.0;107.0;109.0
106.0;104.5;-1.0;107.0;109.0
102.13359;-1.0;101.0;-1.0;-1.0
105.83673;104.5;101.35482;107.0;109.0
105.85117;104.5;101.14012;107.0;109.0
105.9164;104.5;101.1377;107.0;109.0
105.92689;104.5;101.0;107.0;109.0
106.0;104.5;-1.0;107.0;109.0
105.82165;104.5;101.36042;107.0;109.0
105.91429;104.5;101.18219;107.0;109.0
105.849434;104.5;101.37327;107.0;109.0
105.78143;104.5;101.09962;107.0;-1.0
-1.0;104.5;101.761086;107.0;-1.0
105.72378;104.5;101.46645;-1.0;109.0
-1.0;104.5;102.03587;107.0;109.0
105.60582;104.5;101.76481;107.0;109.0
105.68102;104.5;101.74299;107.0;109.0
105.66285;104.5;101.58816;107.0;109.0
105.812996;104.5;101.43002;107.0;109.0
105.870255;104.5;101.29395;107.0;109.0
105.06542;-1.0;101.0;107.0;109.0
106.0;104.5;101.0;107.0;-1.0
106.0;104.5;101.0;107.0;109.0
106.0;104.5;101.0;107.0;109.0
105.89915;104.5;101.117;107.0;109.0
105.918304;104.5;101.01744;107.0;109.0
105.87275;104.5;101.13719;107.0;109.0
105.83804;104.5;101.20646;107.0;109.0
-1.0;104.5;101.60983;107.0;109.0
105.92285;104.5;101.225365;-1.0;109.0
105.998955;104.5;-1.0;107.0;109.0
105.85536;104.5;101.10999;107.0;109.0
-1.0;104.5;101.97513;107.0;109.0
106.0;104.5;-1.0;107.0;109.0
105.925476;104.5;101.0;107.0;-1.0
105.757256;104.5;101.52068;107.0;109.0
105.731575;104.5;101.583496;107.0;109.0
105.68936;104.5;101.71454;107.0;109.0
105.626686;104.5;101.80959;-1.0;109.0
105.65302;104.5;101.74122;107.0;109.0
105.76494;104.5;-1.0;107.0;109.0
105.76728;104.5;101.45352;107.0;109.0
105.88546;104.5;101.12169;107.0;109.0
105.922676;104.5;101.10151;107.0;109.0
105.90403;104.5;101.07454;107.0;109.0
105.95529;104.5;101.080574;107.0;109.0
105.92881;104.5;101.03121;107.0;109.0
105.963135;104.5;101.2021;107.0;109.0
-1.0;104.5;101.54834;107.0;-1.0
105.94495;104.5;101.007675;107.0;109.0
105.85341;104.5;101.38522;107.0;109.0
-1.0;104.5;101.766846;107.0;-1.0
106.0;104.5;-1.0;107.0;109.0
104.90414;-1.0;101.0;107.0;109.0
105.09394;-1.0;101.0;107.0;109.0
-1.0;104.5;102.04663;107.0;109.0
106.0;104.5;-1.0;-1.0;109.0
104.98677;-1.0;101.0;107.0;109.0
105.862274;104.5;101.17953;107.0;109.0
105.701866;104.5;101.33667;107.0;-1.0
105.75728;104.5;101.231735;107.0;-1.0
105.65088;104.5;101.818565;107.0;109.0
105.720634;104.5;-1.0;107.0;109.0
105.59374;104.5;101.86813;107.0;109.0
105.61756;104.5;101.5065;107.0;-1.0
105.74484;104.5;101.60991;107.0;109.0
-1.0;104.5;101.80504;107.0;109.0
105.80214;104.5;101.39425;107.0;109.0
105.907906;104.5;101.0876;107.0;109.0
105.8718;104.5;101.24188;107.0;109.0
105.8846;104.5;101.353;-1.0;109.0
105.99152;104.5;101.0;107.0;109.0
-1.0;104.5;102.09166;-1.0;109.0
105.88045;104.5;101.28956;107.0;109.0
105.79775;104.5;101.35721;107.0;109.0
105.77568;104.5;101.51036;107.0;109.0
105.79417;104.5;101.40922;107.0;109.0
105.868256;104.5;101.29183;107.0;109.0
105.907776;104.5;101.112946;107.0;109.0
105.83433;104.5;101.31994;107.0;109.0
105.7481;104.5;101.50266;107.0;109.0
105.94161;104.5;-1.0;-1.0;109.0
105.748795;104.5;101.48187;107.0;109.0
105.63867;104.5;101.66337;107.0;109.0
105.59501;104.5;101.83086;107.0;109.0
105.63483;104.5;-1.0;107.0;109.0
105.54527;104.5;102.05466;107.0;109.0
105.48477;104.5;102.051575;107.0;109.0
105.54815;104.5;102.02042;107.0;109.0
104.27271;-1.0;101.0;107.0;109.0
105.67683;104.5;101.614716;107.0;109.0
105.71782;104.5;101.57128;107.0;109.0
104.72603;-1.0;101.0;107.0;109.0
105.720795;104.5;101.380264;107.0;-1.0
104.7859;-1.0;101.0;107.0;109.0
105.81379;104.5;101.38948;107.0;109.0
105.69577;104.5;101.64197;-1.0;109.0
105.71775;104.5;101.67852;107.0;109.0
105.65382;104.5;101.76079;107.0;109.0
105.71693;104.5;101.56179;107.0;109.0
105.79093;104.5;-1.0;107.0;109.0
105.888084;104.5;-1.0;-1.0;109.0
-1.0;104.5;102.09218;107.0;109.0
105.73746;104.5;101.53485;107.0;109.0
105.633;104.5;101.843605;107.0;109.0
105.67558;104.5;101.735054;107.0;109.0
105.65024;104.5;101.696465;107.0;109.0
105.574524;104.5;101.61003;107.0;-1.0
105.587265;104.5;-1.0;-1.0;-1.0
104.19367;-1.0;101.0;107.0;109.0
105.43669;104.5;102.19508;107.0;109.0
105.56717;104.5;-1.0;-1.0;109.0
105.50598;104.5;101.99332;107.0;109.0
105.51229;104.5;101.801506;107.0;-1.0
105.64732;104.5;101.71857;-1.0;109.0
105.63224;104.5;101.43238;107.0;-1.0
105.72212;104.5;101.62537;107.0;109.0
-1.0;104.5;102.27288;-1.0;109.0
105.733864;104.5;101.5179;107.0;109.0
104.578384;-1.0;101.0;107.0;109.0
105.7242;104.5;101.69329;107.0;109.0
105.68547;104.5;101.685646;107.0;109.0
105.6046;104.5;101.92645;107.0;109.0
105.58936;104.5;101.57902;107.0;-1.0
105.64419;104.5;101.64839;107.0;109.0
105.654686;104.5;101.62693;107.0;109.0
105.70627;104.5;101.61386;107.0;109.0
105.670334;104.5;101.412254;107.0;-1.0
105.62536;104.5;101.77034;107.0;109.0
105.62022;104.5;101.7941;107.0;109.0
-1.0;104.5;102.120735;107.0;109.0
-1.0;104.5;101.495834;107.0;109.0
-1.0;104.5;101.94728;107.0;-1.0
-1.0;104.5;101.82266;107.0;109.0
-1.0;104.5;101.7427;107.0;109.0
-1.0;104.5;101.83857;107.0;109.0
-1.0;104.5;102.19858;107.0;109.0
-1.0;104.5;-1.0;107.0;109.0
-1.0;104.5;101.45483;107.0;109.0
-1.0;104.5;101.23378;107.0;109.0
-1.0;104.5;101.0;107.0;-1.0
-1.0;104.5;101.05531;107.0;109.0
-1.0;104.5;-1.0;107.0;109.0
-1.0;104.5;101.0;107.0;109.0
-1.0;104.5;101.0;107.0;-1.0
-1.0;104.5;101.78712;107.0;109.0
-1.0;104.5;-1.0;107.0;109.0
-1.0;104.5;101.428375;107.0;109.0
-1.0;104.5;101.38231;107.0;109.0
-1.0;104.5;101.0;107.0;-1.0
-1.0;104.5;101.0;107.0;-1.0
-1.0;104.5;101.34604;107.0;109.0
-1.0;104.5;101.35436;-1.0;109.0
-1.0;104.5;-1.0;107.0;109.0
-1.0;104.5;101.26321;-1.0;109.0
104.7996;-1.0;101.0;107.0;109.0
105.68183;104.5;101.587234;107.0;109.0
105.70749;104.5;101.51537;107.0;109.0
105.602036;104.5;101.89276;107.0;109.0
105.59713;104.5;101.81767;107.0;109.0
105.62524;104.5;101.49013;107.0;-1.0
-1.0;104.5;102.13857;107.0;109.0
104.80914;-1.0;101.0;107.0;109.0
105.90648;104.5;101.0;107.0;109.0
105.908554;104.5;101.10784;107.0;109.0
-1.0;104.5;101.75691;107.0;-1.0
105.967575;104.5;101.09116;107.0;109.0
105.95268;104.5;101.06457;107.0;109.0
105.957054;104.5;101.0;107.0;109.0
105.86915;104.5;101.05812;107.0;109.0
-1.0;104.5;101.80405;107.0;109.0
105.85627;104.5;101.0;107.0;-1.0
105.897675;104.5;101.26249;107.0;109.0
-1.0;104.5;101.94714;107.0;109.0
105.93679;104.5;101.0;107.0;-1.0
105.91231;104.5;101.08819;-1.0;109.0
105.777054;104.5;101.414566;107.0;109.0
105.96834;104.5;101.0;-1.0;109.0
104.9808;-1.0;101.0;107.0;109.0
105.91258;104.5;-1.0;107.0;-1.0
-1.0;104.5;102.17871;107.0;109.0
105.629845;104.5;101.76388;107.0;109.0
105.58123;104.5;101.887314;107.0;109.0
-1.0;104.5;102.33562;-1.0;109.0
105.56361;104.5;101.88132;107.0;109.0
105.70512;104.5;101.71512;-1.0;109.0
104.621346;-1.0;101.0;107.0;109.0