date;time
2012-jan-31;8:00
2012-jan-31;9:00
2012-jan-31;10:00
2012-jan-31;11:00
2012-jan-31;12:00
2012-jan-31;13:00
2012-jan-31;14:00
2012-jan-31;15:00
2012-jan-31;16:00
2012-jan-31;17:00
2012-jan-31;18:00
2012-jan-31;19:00
2012-jan-31;20:00
2012-jan-31;21:00
2012-jan-31;22:00
2012-jan-31;23:00
2012-feb-1;0:00
2012-feb-1;1:00
2012-feb-1;2:00
2012-feb-1;3:00
2012-feb-1;4:00
2012-feb-1;5:00
2012-feb-1;6:00
2012-feb-1;7:00
2012-feb-1;8:00
2012-feb-1;9:00
2012-feb-1;10:00
2012-feb-1;11:00
2012-feb-1;12:00
2012-feb-1;13:00
2012-feb-1;14:00
2012-feb-1;15:00
2012-feb-1;16:00
2012-feb-1;17:00
2012-feb-1;18:00
2012-feb-1;19:00
2012-feb-1;20:00
2012-feb-1;21:00
2012-feb-1;22:00
2012-feb-1;23:00
2012-feb-2;0:00
2012-feb-2;1:00
2012-feb-2;2:00
2012-feb-2;3:00
2012-feb-2;4:00
2012-feb-2;5:00
2012-feb-2;6:00
2012-feb-2;7:00
2012-feb-2;8:00
2012-feb-2;9:00
2012-feb-2;10:00
2012-feb-2;11:00
2012-feb-2;12:00
2012-feb-2;13:00
2012-feb-2;14:00
2012-feb-2;15:00
2012-feb-2;16:00
2012-feb-2;17:00
2012-feb-2;18:00
2012-feb-2;19:00
2012-feb-2;20:00
2012-feb-2;21:00
2012-feb-2;22:00
2012-feb-2;23:00
2012-feb-3;0:00
2012-feb-3;1:00
2012-feb-3;2:00
2012-feb-3;3:00
2012-feb-3;4:00
2012-feb-3;5:00
2012-feb-3;6:00
2012-feb-3;7:00
2012-feb-3;8:00
2012-feb-3;9:00
2012-feb-3;10:00
2012-feb-3;11:00
2012-feb-3;12:00
2012-feb-3;13:00
2012-feb-3;14:00
2012-feb-3;15:00
2012-feb-3;16:00
2012-feb-3;17:00
2012-feb-3;18:00
2012-feb-3;19:00
2012-feb-3;20:00
2012-feb-3;21:00
2012-feb-3;22:00
2012-feb-3;23:00
2012-feb-4;0:00
2012-feb-4;1:00
2012-feb-4;2:00
2012-feb-4;3:00
2012-feb-4;4:00
2012-feb-4;5:00
2012-feb-4;6:00
2012-feb-4;7:00
2012-feb-4;8:00
2012-feb-4;9:00
2012-feb-4;10:00
2012-feb-4;11:00
2012-feb-4;12:00
2012-feb-4;13:00
2012-feb-4;14:00
2012-feb-4;15:00
2012-feb-4;16:00
2012-feb-4;17:00
2012-feb-4;18:00
2012-feb-4;19:00
2012-feb-4;20:00
2012-feb-4;21:00
2012-feb-4;22:00
2012-feb-4;23:00
2012-feb-5;0:00
2012-feb-5;1:00
2012-feb-5;2:00
2012-feb-5;3:00
2012-feb-5;4:00
2012-feb-5;5:00
2012-feb-5;6:00
2012-feb-5;7:00
2012-feb-5;8:00
2012-feb-5;9:00
2012-feb-5;10:00
2012-feb-5;11:00
2012-feb-5;12:00
2012-feb-5;13:00
2012-feb-5;14:00
2012-feb-5;15:00
2012-feb-5;16:00
2012-feb-5;17:00
2012-feb-5;18:00
2012-feb-5;19:00
2012-feb-5;20:00
2012-feb-5;21:00
2012-feb-5;22:00
2012-feb-5;23:00
2012-feb-6;0:00
2012-feb-6;1:00
2012-feb-6;2:00
2012-feb-6;3:00
2012-feb-6;4:00
2012-feb-6;5:00
2012-feb-6;6:00
2012-feb-6;7:00
2012-feb-6;8:00
2012-feb-6;9:00
2012-feb-6;10:00
2012-feb-6;11:00
2012-feb-6;12:00
2012-feb-6;13:00
2012-feb-6;14:00
2012-feb-6;15:00
2012-feb-6;16:00
2012-feb-6;17:00
2012-feb-6;18:00
2012-feb-6;19:00
2012-feb-6;20:00
2012-feb-6;21:00
2012-feb-6;22:00
2012-feb-6;23:00
2012-feb-7;0:00
2012-feb-7;1:00
2012-feb-7;2:00
2012-feb-7;3:00
2012-feb-7;4:00
2012-feb-7;5:00
2012-feb-7;6:00
2012-feb-7;7:00
2012-feb-7;8:00
2012-feb-7;9:00
2012-feb-7;10:00
2012-feb-7;11:00
2012-feb-7;12:00
2012-feb-7;13:00
2012-feb-7;14:00
2012-feb-7;15:00
2012-feb-7;16:00
2012-feb-7;17:00
2012-feb-7;18:00
2012-feb-7;19:00
2012-feb-7;20:00
2012-feb-7;21:00
2012-feb-7;22:00
2012-feb-7;23:00
2012-feb-8;0:00
2012-feb-8;1:00
2012-feb-8;2:00
2012-feb-8;3:00
2012-feb-8;4:00
2012-feb-8;5:00
2012-feb-8;6:00
2012-feb-8;7:00
2012-feb-8;8:00
2012-feb-8;9:00
2012-feb-8;10:00
2012-feb-8;11:00
2012-feb-8;12:00
2012-feb-8;13:00
2012-feb-8;14:00
2012-feb-8;15:00
2012-feb-8;16:00
2012-feb-8;17:00
2012-feb-8;18:00
2012-feb-8;19:00
2012-feb-8;20:00
2012-feb-8;21:00
2012-feb-8;22:00
2012-feb-8;23:00
2012-feb-9;0:00
2012-feb-9;1:00
2012-feb-9;2:00
2012-feb-9;3:00
2012-feb-9;4:00
2012-feb-9;5:00
2012-feb-9;6:00
2012-feb-9;7:00
2012-feb-9;8:00
2012-feb-9;9:00
2012-feb-9;10:00
2012-feb-9;11:00
2012-feb-9;12:00
2012-feb-9;13:00
2012-feb-9;14:00
2012-feb-9;15:00
2012-feb-9;16:00
2012-feb-9;17:00
2012-feb-9;18:00
2012-feb-9;19:00
2012-feb-9;20:00
2012-feb-9;21:00
2012-feb-9;22:00
2012-feb-9;23:00
2012-feb-10;0:00
2012-feb-10;1:00
2012-feb-10;2:00
2012-feb-10;3:00
2012-feb-10;4:00
2012-feb-10;5:00
2012-feb-10;6:00
2012-feb-10;7:00
2012-feb-10;8:00
2012-feb-10;9:00
2012-feb-10;10:00
2012-feb-10;11:00
2012-feb-10;12:00
2012-feb-10;13:00
2012-feb-10;14:00
2012-feb-10;15:00
2012-feb-10;16:00
2012-feb-10;17:00
2012-feb-10;18:00
2012-feb-10;19:00
2012-feb-10;20:00
2012-feb-10;21:00
2012-feb-10;22:00
2012-feb-10;23:00
2012-feb-11;0:00
2012-feb-11;1:00
2012-feb-11;2:00
2012-feb-11;3:00
2012-feb-11;4:00
2012-feb-11;5:00
2012-feb-11;6:00
2012-feb-11;7:00
2012-feb-11;8:00
2012-feb-11;9:00
2012-feb-11;10:00
2012-feb-11;11:00
2012-feb-11;12:00
2012-feb-11;13:00
2012-feb-11;14:00
2012-feb-11;15:00
2012-feb-11;16:00
2012-feb-11;17:00
2012-feb-11;18:00
2012-feb-11;19:00
2012-feb-11;20:00
2012-feb-11;21:00
2012-feb-11;22:00
2012-feb-11;23:00
2012-feb-12;0:00
2012-feb-12;1:00
2012-feb-12;2:00
2012-feb-12;3:00
2012-feb-12;4:00
2012-feb-12;5:00
2012-feb-12;6:00
2012-feb-12;7:00
2012-feb-12;8:00
2012-feb-12;9:00
2012-feb-12;10:00
2012-feb-12;11:00
2012-feb-12;12:00
2012-feb-12;13:00
2012-feb-12;14:00
2012-feb-12;15:00
2012-feb-12;16:00
2012-feb-12;17:00
2012-feb-12;18:00
2012-feb-12;19:00
2012-feb-12;20:00
2012-feb-12;21:00
2012-feb-12;22:00
2012-feb-12;23:00
2012-feb-13;0:00
2012-feb-13;1:00
2012-feb-13;2:00
2012-feb-13;3:00
2012-feb-13;4:00
2012-feb-13;5:00
2012-feb-13;6:00
2012-feb-13;7:00
2012-feb-13;8:00
2012-feb-13;9:00
2012-feb-13;10:00
2012-feb-13;11:00
2012-feb-13;12:00
2012-feb-13;13:00
2012-feb-13;14:00
2012-feb-13;15:00
2012-feb-13;16:00
2012-feb-13;17:00
2012-feb-13;18:00
2012-feb-13;19:00
2012-feb-13;20:00
2012-feb-13;21:00
2012-feb-13;22:00
2012-feb-13;23:00
2012-feb-14;0:00
2012-feb-14;1:00
2012-feb-14;2:00
2012-feb-14;3:00
2012-feb-14;4:00
2012-feb-14;5:00
2012-feb-14;6:00
2012-feb-14;7:00
2012-feb-14;8:00
2012-feb-14;9:00
2012-feb-14;10:00
2012-feb-14;11:00
2012-feb-14;12:00
2012-feb-14;13:00
2012-feb-14;14:00
2012-feb-14;15:00
2012-feb-14;16:00
2012-feb-14;17:00
2012-feb-14;18:00
2012-feb-14;19:00
2012-feb-14;20:00
2012-feb-14;21:00
2012-feb-14;22:00
2012-feb-14;23:00
2012-feb-15;0:00
2012-feb-15;1:00
2012-feb-15;2:00
2012-feb-15;3:00
2012-feb-15;4:00
2012-feb-15;5:00
2012-feb-15;6:00
2012-feb-15;7:00
2012-feb-15;8:00
2012-feb-15;9:00
2012-feb-15;10:00
2012-feb-15;11:00
2012-feb-15;12:00
2012-feb-15;13:00
2012-feb-15;14:00
2012-feb-15;15:00
2012-feb-15;16:00
2012-feb-15;17:00
2012-feb-15;18:00
2012-feb-15;19:00
2012-feb-15;20:00
2012-feb-15;21:00
2012-feb-15;22:00
2012-feb-15;23:00
2012-feb-16;0:00
2012-feb-16;1:00
2012-feb-16;2:00
2012-feb-16;3:00
2012-feb-16;4:00
2012-feb-16;5:00
2012-feb-16;6:00
2012-feb-16;7:00
2012-feb-16;8:00
2012-feb-16;9:00
2012-feb-16;10:00
2012-feb-16;11:00
2012-feb-16;12:00
2012-feb-16;13:00
2012-feb-16;14:00
2012-feb-16;15:00
2012-feb-16;16:00
2012-feb-16;17:00
2012-feb-16;18:00
2012-feb-16;19:00
2012-feb-16;20:00
2012-feb-16;21:00
2012-feb-16;22:00
2012-feb-16;23:00
2012-feb-17;0:00
2012-feb-17;1:00
2012-feb-17;2:00
2012-feb-17;3:00
2012-feb-17;4:00
2012-feb-17;5:00
2012-feb-17;6:00
2012-feb-17;7:00
2012-feb-17;8:00
2012-feb-17;9:00
2012-feb-17;10:00
2012-feb-17;11:00
2012-feb-17;12:00
2012-feb-17;13:00
2012-feb-17;14:00
2012-feb-17;15:00
2012-feb-17;16:00
2012-feb-17;17:00
2012-feb-17;18:00
2012-feb-17;19:00
2012-feb-17;20:00
2012-feb-17;21:00
2012-feb-17;22:00
2012-feb-17;23:00
2012-feb-18;0:00
2012-feb-18;1:00
2012-feb-18;2:00
2012-feb-18;3:00
2012-feb-18;4:00
2012-feb-18;5:00
2012-feb-18;6:00
2012-feb-18;7:00
2012-feb-18;8:00
2012-feb-18;9:00
2012-feb-18;10:00
2012-feb-18;11:00
2012-feb-18;12:00
2012-feb-18;13:00
2012-feb-18;14:00
2012-feb-18;15:00
2012-feb-18;16:00
2012-feb-18;17:00
2012-feb-18;18:00
2012-feb-18;19:00
2012-feb-18;20:00
2012-feb-18;21:00
2012-feb-18;22:00
2012-feb-18;23:00
2012-feb-19;0:00
2012-feb-19;1:00
2012-feb-19;2:00
2012-feb-19;3:00
2012-feb-19;4:00
2012-feb-19;5:00
2012-feb-19;6:00
2012-feb-19;7:00
2012-feb-19;8:00
2012-feb-19;9:00
2012-feb-19;10:00
2012-feb-19;11:00
2012-feb-19;12:00
2012-feb-19;13:00
2012-feb-19;14:00
2012-feb-19;15:00
2012-feb-19;16:00
2012-feb-19;17:00
2012-feb-19;18:00
2012-feb-19;19:00
2012-feb-19;20:00
2012-feb-19;21:00
2012-feb-19;22:00
2012-feb-19;23:00
2012-feb-20;0:00
2012-feb-20;1:00
2012-feb-20;2:00
2012-feb-20;3:00
2012-feb-20;4:00
2012-feb-20;5:00
2012-feb-20;6:00
2012-feb-20;7:00
2012-feb-20;8:00
2012-feb-20;9:00
2012-feb-20;10:00
2012-feb-20;11:00
2012-feb-20;12:00
2012-feb-20;13:00
2012-feb-20;14:00
2012-feb-20;15:00
2012-feb-20;16:00
2012-feb-20;17:00
2012-feb-20;18:00
2012-feb-20;19:00
2012-feb-20;20:00
2012-feb-20;21:00
2012-feb-20;22:00
2012-feb-20;23:00
2012-feb-21;0:00
2012-feb-21;1:00
2012-feb-21;2:00
2012-feb-21;3:00
2012-feb-21;4:00
2012-feb-21;5:00
2012-feb-21;6:00
2012-feb-21;7:00
2012-feb-21;8:00
2012-feb-21;9:00
2012-feb-21;10:00
2012-feb-21;11:00
2012-feb-21;12:00
2012-feb-21;13:00
2012-feb-21;14:00
2012-feb-21;15:00
2012-feb-21;16:00
2012-feb-21;17:00
2012-feb-21;18:00
2012-feb-21;19:00
2012-feb-21;20:00
2012-feb-21;21:00
2012-feb-21;22:00
2012-feb-21;23:00
2012-feb-22;0:00
2012-feb-22;1:00
2012-feb-22;2:00
2012-feb-22;3:00
2012-feb-22;4:00
2012-feb-22;5:00
2012-feb-22;6:00
2012-feb-22;7:00
2012-feb-22;8:00
2012-feb-22;9:00
2012-feb-22;10:00
2012-feb-22;11:00
2012-feb-22;12:00
2012-feb-22;13:00
2012-feb-22;14:00
2012-feb-22;15:00
2012-feb-22;16:00
2012-feb-22;17:00
2012-feb-22;18:00
2012-feb-22;19:00
2012-feb-22;20:00
2012-feb-22;21:00
2012-feb-22;22:00
2012-feb-22;23:00
2012-feb-23;0:00
2012-feb-23;1:00
2012-feb-23;2:00
2012-feb-23;3:00
2012-feb-23;4:00
2012-feb-23;5:00
2012-feb-23;6:00
2012-feb-23;7:00
2012-feb-23;8:00
2012-feb-23;9:00
2012-feb-23;10:00
2012-feb-23;11:00
2012-feb-23;12:00
2012-feb-23;13:00
2012-feb-23;14:00
2012-feb-23;15:00
2012-feb-23;16:00
2012-feb-23;17:00
2012-feb-23;18:00
2012-feb-23;19:00
2012-feb-23;20:00
2012-feb-23;21:00
2012-feb-23;22:00
2012-feb-23;23:00
2012-feb-24;0:00
2012-feb-24;1:00
2012-feb-24;2:00
2012-feb-24;3:00
2012-feb-24;4:00
2012-feb-24;5:00
2012-feb-24;6:00
2012-feb-24;7:00
2012-feb-24;8:00
2012-feb-24;9:00
2012-feb-24;10:00
2012-feb-24;11:00
2012-feb-24;12:00
2012-feb-24;13:00
2012-feb-24;14:00
2012-feb-24;15:00
2012-feb-24;16:00
2012-feb-24;17:00
2012-feb-24;18:00
2012-feb-24;19:00
2012-feb-24;20:00
2012-feb-24;21:00
2012-feb-24;22:00
2012-feb-24;23:00
2012-feb-25;0:00
2012-feb-25;1:00
2012-feb-25;2:00
2012-feb-25;3:00
2012-feb-25;4:00
2012-feb-25;5:00
2012-feb-25;6:00
2012-feb-25;7:00
2012-feb-25;8:00
2012-feb-25;9:00
2012-feb-25;10:00
2012-feb-25;11:00
2012-feb-25;12:00
2012-feb-25;13:00
2012-feb-25;14:00
2012-feb-25;15:00
2012-feb-25;16:00
2012-feb-25;17:00
2012-feb-25;18:00
2012-feb-25;19:00
2012-feb-25;20:00
2012-feb-25;21:00
2012-feb-25;22:00
2012-feb-25;23:00
2012-feb-26;0:00
2012-feb-26;1:00
2012-feb-26;2:00
2012-feb-26;3:00
2012-feb-26;4:00
2012-feb-26;5:00
2012-feb-26;6:00
2012-feb-26;7:00
2012-feb-26;8:00
2012-feb-26;9:00
2012-feb-26;10:00
2012-feb-26;11:00
2012-feb-26;12:00
2012-feb-26;13:00
2012-feb-26;14:00
2012-feb-26;15:00
2012-feb-26;16:00
2012-feb-26;17:00
2012-feb-26;18:00
2012-feb-26;19:00
2012-feb-26;20:00
2012-feb-26;21:00
2012-feb-26;22:00
2012-feb-26;23:00
2012-feb-27;0:00
2012-feb-27;1:00
2012-feb-27;2:00
2012-feb-27;3:00
2012-feb-27;4:00
2012-feb-27;5:00
2012-feb-27;6:00
2012-feb-27;7:00
2012-feb-27;8:00
2012-feb-27;9:00
2012-feb-27;10:00
2012-feb-27;11:00
2012-feb-27;12:00
2012-feb-27;13:00
2012-feb-27;14:00
2012-feb-27;15:00
2012-feb-27;16:00
2012-feb-27;17:00
2012-feb-27;18:00
2012-feb-27;19:00
2012-feb-27;20:00
2012-feb-27;21:00
2012-feb-27;22:00
2012-feb-27;23:00
2012-feb-28;0:00
2012-feb-28;1:00
2012-feb-28;2:00
2012-feb-28;3:00
2012-feb-28;4:00
2012-feb-28;5:00
2012-feb-28;6:00
2012-feb-28;7:00
2012-feb-28;8:00
2012-feb-28;9:00
2012-feb-28;10:00
2012-feb-28;11:00
2012-feb-28;12:00
2012-feb-28;13:00
2012-feb-28;14:00
2012-feb-28;15:00
2012-feb-28;16:00
2012-feb-28;17:00
2012-feb-28;18:00
2012-feb-28;19:00
2012-feb-28;20:00
2012-feb-28;21:00
2012-feb-28;22:00
2012-feb-28;23:00
2012-mar-1;0:00
2012-mar-1;1:00
2012-mar-1;2:00
2012-mar-1;3:00
2012-mar-1;4:00
2012-mar-1;5:00
2012-mar-1;6:00
2012-mar-1;7:00
2012-mar-1;8:00
2012-mar-1;9:00
2012-mar-1;10:00
2012-mar-1;11:00
2012-mar-1;12:00
2012-mar-1;13:00
2012-mar-1;14:00
2012-mar-1;15:00
2012-mar-1;16:00
2012-mar-1;17:00
2012-mar-1;18:00
2012-mar-1;19:00
2012-mar-1;20:00
2012-mar-1;21:00
2012-mar-1;22:00
2012-mar-1;23:00
2012-mar-2;0:00
2012-mar-2;1:00
2012-mar-2;2:00
2012-mar-2;3:00
2012-mar-2;4:00
2012-mar-2;5:00
2012-mar-2;6:00
2012-mar-2;7:00
2012-mar-2;8:00
2012-mar-2;9:00
2012-mar-2;10:00
2012-mar-2;11:00
2012-mar-2;12:00
2012-mar-2;13:00
2012-mar-2;14:00
2012-mar-2;15:00