2_C-10.61;3_C151.15;4_C-9.47;5_C201.84;6_C-6.27;9_C130.49;10_C228.66;11_C-138.89;12_C-27.88;13_C-13.33;14_C63.6
13.638175;20.061697;-3.8057082;1.7190008;7.6341934;15.55475;6.385381;1.6117393;1.6678276;5.362202;4.875687
12.595553;19.766592;-4.042188;1.476959;6.987444;16.992975;5.819776;1.7933029;1.4958435;5.4865656;5.0350366
13.988738;21.344746;-4.1576023;1.6769629;7.329924;18.129932;5.7303944;1.7824072;1.5520488;5.769624;4.757118
12.032581;18.510284;-3.7267876;1.611258;7.275208;16.466461;5.993972;1.7802204;1.7286055;5.2404704;4.9370494
13.178343;19.770716;-4.032395;1.6368476;7.592624;17.202429;5.5614963;1.7656137;1.6096293;6.045156;5.2420316
12.636005;18.293053;-3.753665;1.4743154;7.2570634;15.71614;5.4737763;1.915431;1.676133;5.559472;5.7473865
12.22465;19.17494;-3.84095;1.5733575;7.696662;17.321043;6.0435786;1.8757899;1.6843961;6.2871537;4.66333
12.644314;17.640177;-4.267941;1.6321343;7.656866;18.087057;5.6447744;1.8740201;1.5118039;5.7938952;5.1354427
12.382714;19.490864;-4.0484185;1.7568412;7.632894;16.9669;5.5031314;1.7680386;1.5345453;5.8672647;4.8578887
12.418704;18.844435;-3.8825293;1.7255948;7.6713686;15.6406355;5.828802;1.663198;1.6623216;5.191989;5.070472
12.79597;17.340195;-4.0794535;1.680046;7.5654573;16.246864;5.9509854;1.6567403;1.5862991;6.362658;4.6386805
12.876518;18.781649;-3.894412;1.4971262;8.036824;17.362045;5.8800325;1.664409;1.6471522;6.087955;5.047466
12.131301;17.096113;-3.5405612;1.6146772;7.339445;15.347631;5.9586926;1.8448514;1.5921578;6.202212;4.7531734
12.712043;19.090105;-3.7363093;1.5654817;7.4305043;16.627283;5.898115;1.8711368;1.5844612;5.8969827;5.0085726
12.7790365;18.663374;-3.8603854;1.7658265;8.013685;17.8457;6.132228;1.7745799;1.5975176;5.669798;4.36825
12.847912;18.99007;-4.044252;1.6221805;7.672133;16.144852;5.7764325;1.8396577;1.6120107;5.73524;4.990378
12.846172;19.10552;-3.7171147;1.4694427;7.603326;14.68662;5.558219;1.8992767;1.5660498;5.6591477;4.97323
14.167241;20.115278;-4.097343;1.7117913;7.87657;15.372004;5.937804;1.8675196;1.4700983;5.779404;4.93605
12.609521;18.706886;-4.01625;1.6063367;7.6524277;16.430285;5.8683777;1.8259861;1.7046382;5.819174;4.636937
11.458307;20.06613;-3.669504;1.7202228;7.4058657;17.798939;5.8434696;1.7317437;1.5201641;5.852827;5.1893883
11.75295;19.928259;-3.984504;1.6803074;7.82781;17.012232;6.426919;1.9168203;1.5373546;5.612853;5.2572613
12.356908;20.199762;-3.8876064;1.5110805;7.555222;17.782547;5.7209244;1.9141816;1.5967368;5.7499433;5.0180492
12.576468;20.783228;-3.798766;1.5806062;8.02298;16.974062;6.1588573;1.6762291;1.6812187;5.925705;5.09384
12.740676;19.013824;-3.5446317;1.5394328;7.20145;17.792746;6.226337;1.8351758;1.5872301;5.8539696;4.8264446
12.233426;18.42398;-3.8351736;1.6227129;7.315781;14.935258;5.85415;1.8900948;1.5513984;5.468963;4.8841767
12.025713;18.776058;-4.3169;1.5420874;7.553129;15.8860235;5.6638165;1.7913452;1.4902613;5.7864976;4.509223
13.028932;20.530373;-4.1581073;1.5708461;7.427881;16.851221;5.2629695;1.7787049;1.724199;5.595177;4.7502666
13.316733;17.627157;-3.5746098;1.6592144;7.278381;17.039774;5.7391515;1.9977548;1.552944;5.6203904;4.7427573
11.871626;19.753204;-4.1178513;1.6221237;7.8676925;17.429567;5.882701;1.5910691;1.6851954;5.606437;5.1926455
13.040521;19.301731;-3.8611734;1.6815995;8.029764;16.820543;5.837839;1.7412463;1.4840888;6.0080433;4.7218056
12.381087;19.420168;-3.8467312;1.41953;6.4929504;16.993649;5.553428;1.857163;1.399257;5.6869125;5.189766
12.903063;19.736332;-3.823518;1.4204392;7.720468;14.995021;5.714777;2.0110366;1.6604246;5.886279;5.2226954
12.441778;17.57414;-3.9395943;1.6104271;7.556255;15.368924;5.882552;1.8264676;1.484281;5.854978;5.017578
12.857654;19.19968;-3.5696237;1.515523;7.779938;16.27963;5.4065824;1.9321815;1.6521667;5.6940017;4.894907
13.655829;20.359024;-3.6737912;1.5946705;6.847464;18.241085;5.859664;1.7358168;1.6437507;6.016344;4.829874
12.531455;18.779196;-4.19123;1.6181586;7.4284015;17.772335;5.8052554;1.8508236;1.7761866;5.6912947;4.9938107
12.6638155;20.203056;-3.8551762;1.5175318;7.685509;16.369116;5.640494;1.699081;1.5885102;5.241821;4.851362
12.535316;19.754261;-4.173168;1.6552726;7.367888;15.158308;5.6029196;1.863502;1.5525348;5.509323;4.8501396
12.342197;19.432001;-3.9781294;1.6172985;6.6595874;16.700796;5.8360567;1.8615837;1.6076803;5.8058243;5.1688504
13.244757;19.354162;-3.9457715;1.5846052;7.696197;16.677385;5.680342;1.778783;1.5623933;5.9837775;5.361522
12.862697;18.468561;-3.6941445;1.712436;8.193063;17.478691;5.881649;1.8588341;1.6269696;5.810751;5.6674232
13.380718;18.457405;-3.7202413;1.553134;6.9938955;17.166454;5.553735;1.9811978;1.6793671;5.485139;5.043258
11.940734;19.002008;-4.141313;1.6077782;7.679047;16.921535;5.3677807;1.7446252;1.6890414;5.820669;5.000251
13.894061;18.612741;-3.984021;1.6180359;6.7210693;17.281284;5.7812405;1.8672984;1.5880381;5.580077;4.878157
12.534417;17.110136;-4.0456743;1.5887705;7.0689683;15.682183;6.003981;1.9314497;1.4879771;5.492638;5.415817
13.416136;18.900356;-3.9884384;1.6191827;6.746163;16.988178;6.155819;1.701033;1.622344;6.132987;4.5789638
12.213261;19.174158;-4.1156287;1.615169;7.9245677;17.142105;5.530578;1.7921565;1.7484791;6.0041814;4.957174
14.422207;19.555265;-4.1081657;1.5900613;7.989962;17.705938;5.427311;1.7951173;1.6698952;6.558806;5.0294123
12.15886;20.432308;-3.7627;1.5614984;7.666194;18.752045;5.8672714;1.8796374;1.5877327;5.584915;5.072836
11.950999;19.102972;-4.03814;1.6869736;7.7233067;16.423534;5.5118046;1.8079506;1.4955567;6.30504;4.7005057
13.051463;17.837238;-4.140006;1.5163386;6.9835978;16.251474;5.454783;1.7255228;1.52003;5.968711;5.214597
13.095271;19.261623;-4.1107717;1.5833033;7.072332;16.94061;6.0302396;1.886179;1.6661825;5.8304405;4.728907
12.479565;18.92154;-3.948006;1.4295644;7.59016;15.630641;5.729736;1.9106236;1.6701524;5.7318006;4.9902234
11.926155;17.614786;-4.0703998;1.523152;7.636412;15.69054;5.8171906;1.7583104;1.6564542;5.6443605;4.959504
13.08207;19.262764;-3.9501874;1.6074307;7.2101483;16.960268;6.1109834;1.850281;1.6712368;5.8265715;4.5907526
12.531204;20.151253;-3.8923438;1.6416509;7.7078323;16.53577;5.993386;1.7154069;1.4622078;6.029875;5.034998
12.335581;18.899101;-3.6307554;1.5988655;7.569344;15.917764;6.174702;1.8100626;1.6727399;5.955338;4.4297953
11.305349;18.335917;-3.8621707;1.6281228;6.752691;17.36356;5.690934;1.8341981;1.6428735;5.6525145;5.124547
13.1630945;18.585772;-4.1765013;1.5714242;7.68515;16.709631;5.639169;1.8386967;1.4696558;5.754395;5.0477777
12.372033;19.367918;-3.9932122;1.5308092;7.169623;15.894671;5.8892503;1.8933269;1.7262177;5.8202662;5.1718693
13.248886;19.346947;-3.924607;1.6201644;7.873908;17.567846;6.296844;1.7329941;1.7028251;6.388583;5.204407
13.378531;19.509937;-3.999127;1.6304066;7.871264;18.2977;5.9287534;1.8480153;1.5556823;5.8573084;4.854842
14.521025;18.07576;-3.9778984;1.5390095;7.33098;15.989708;5.980732;1.7740982;1.7218312;5.2243686;4.967767
12.473105;18.38299;-3.972174;1.5966244;6.9283476;16.329594;5.867941;1.9687343;1.6611224;6.1285663;4.9911966
11.794991;18.063536;-3.6744215;1.617908;7.84983;16.499832;6.169441;1.7757576;1.7484914;6.116669;4.661616
13.25517;20.229465;-4.005797;1.4829814;7.434276;15.683741;6.082026;1.7432944;1.565922;5.5710163;5.0239396
12.064933;18.729162;-3.785242;1.7708182;7.8383203;16.067709;5.6766057;1.7270205;1.6708971;5.6773977;4.9272738
12.908115;19.586916;-4.1774592;1.6939995;7.4109335;16.646566;5.935132;1.8186574;1.7166722;5.4183245;4.9733353
12.577818;19.019075;-3.5031838;1.6608268;7.873703;15.967474;5.6361723;1.7169086;1.7683765;5.6052537;5.255002
12.851677;18.812494;-3.8486917;1.4642744;7.859117;16.83744;6.752494;1.8479502;1.5859569;5.801149;4.9021425
11.657403;19.102896;-4.0525265;1.5086741;8.104873;15.984118;5.737514;1.9044354;1.4399834;5.474347;5.1924124
12.731262;19.711401;-4.0512943;1.5697497;7.9326296;15.159083;5.55168;1.6847175;1.6379479;5.807605;4.940996
12.489146;18.946096;-4.0523615;1.6245409;7.8040924;17.100243;5.8669276;1.7673436;1.5204755;5.5859213;4.753834
12.810976;18.36058;-3.8429267;1.5682243;7.196691;16.64254;6.2884827;1.8430551;1.5894786;5.964001;5.122774
12.215324;19.815065;-3.8156624;1.6334413;7.9293175;17.657244;6.125133;1.910277;1.6593529;5.4346232;4.644707
13.943271;20.962543;-4.2025056;1.5231688;6.640242;16.461063;5.6592317;1.8361778;1.57418;5.7170672;4.958554
12.783935;19.131449;-3.7127445;1.6830825;7.3376927;18.03766;5.6733975;1.7427962;1.6138139;5.731968;5.127767
11.81286;18.335087;-3.7787924;1.6839126;7.6368937;17.32532;5.747134;1.9068193;1.6320076;5.730927;4.993809
12.11354;17.573708;-3.7446628;1.7004664;7.603847;16.420858;5.726476;1.7496899;1.6286515;5.4499955;4.882454
12.737989;17.950966;-3.9640749;1.4946204;7.12386;17.779457;5.7579484;1.7449948;1.7394674;5.796715;5.232488
12.670112;17.679394;-3.7631576;1.6459161;8.138081;15.948794;5.587777;1.8842516;1.496326;5.783803;4.9122686
12.129912;18.493622;-3.7696369;1.6341527;7.6745043;15.868428;5.628498;1.7242135;1.7092524;5.464209;4.8478823
13.983298;18.753025;-4.008742;1.6101223;7.73681;17.177074;5.6464305;1.8411728;1.6042142;5.1986938;4.9923706
12.492996;18.345572;-3.8955898;1.5481266;7.288406;18.264004;5.917036;1.7297951;1.4898211;5.370647;4.7635612
12.854016;18.994104;-4.02974;1.5165371;7.6334724;16.847914;5.795825;1.8273464;1.5837073;5.7513113;5.070729
13.68939;19.55828;-3.812123;1.5121026;7.729408;16.991837;6.14241;1.7777746;1.6958467;5.6953664;5.5916977
12.792639;18.645279;-3.8798048;1.4980603;7.28259;15.775637;5.68698;1.7826273;1.5970528;5.7009935;4.9417152
12.046356;18.370861;-3.6764152;1.531898;7.621944;17.808943;5.7874026;1.8427747;1.6897697;5.6843877;5.450012
12.986221;19.681444;-4.047675;1.6525311;7.3091097;17.136127;6.1501;1.7850605;1.5922134;6.072693;5.2239676
12.370715;18.232492;-3.9173162;1.5683769;7.155251;17.011429;5.687483;1.693424;1.5235516;5.6561427;5.0413456
12.9093075;19.55408;-3.9159672;1.5882591;7.883783;17.052326;5.681898;1.7909112;1.5213927;5.3347883;4.9776487
12.309859;18.658148;-3.8769243;1.5789781;7.578704;15.868589;5.5845037;1.7313437;1.6108081;6.10281;5.2707834
12.925957;18.88194;-3.7962465;1.6191835;7.5192556;16.828037;5.899846;1.7569174;1.6003327;6.244172;5.0276814
13.525876;21.146898;-3.7134762;1.5581027;7.8292894;16.718449;5.817069;1.6790205;1.5995746;5.597428;4.751423
12.598775;19.539928;-4.004674;1.8383665;7.963735;15.233913;5.3828635;1.7847106;1.6164489;5.8573914;4.9405503
12.775146;18.571808;-3.766623;1.6952401;6.916058;17.148083;6.1455975;1.8130842;1.6849451;5.899307;4.7814536
13.814982;19.968103;-3.8191006;1.5482317;7.2161736;17.205378;5.9521236;1.7429274;1.5773652;5.957981;4.9783387
13.072631;20.47339;-3.9470809;1.600247;7.660737;17.945435;5.8390245;1.8157474;1.7321582;6.141335;5.2571135
12.777293;20.02613;-3.8621035;1.5188797;7.965827;14.543169;5.899993;1.6694734;1.4874818;6.054161;4.8314605
11.122523;18.700886;-3.801883;1.6172426;6.9246063;16.62015;6.2295303;1.8289212;1.7244912;6.3858337;4.6294293
11.491204;18.609062;-4.1184797;1.5260297;7.5354443;15.48709;5.406774;2.0524018;1.7013034;6.1039124;4.6525297
12.766008;19.711855;-3.7655523;1.54034;7.625277;16.579927;6.1694436;1.8388374;1.5359674;6.4504066;5.0330906
12.927956;18.701859;-3.990443;1.549725;7.8700867;16.914906;6.4240255;1.6741275;1.4594654;6.3096;4.624885
11.923641;19.881336;-3.7889624;1.5135442;7.4521656;16.927677;5.536118;1.8357465;1.6047426;5.5252814;4.792422
12.0462265;19.23583;-4.298308;1.5449094;8.285402;15.869177;6.3650527;1.6999586;1.6973023;6.05872;5.007062
12.493064;18.564201;-3.958472;1.4811919;7.6859827;17.160347;6.0020437;1.7422162;1.6768856;5.8819184;5.00823
13.358005;18.311102;-3.7208493;1.6842916;7.816682;16.259277;5.5224385;1.830531;1.6339928;5.5755887;4.995241
12.91724;18.898382;-4.0076766;1.5707709;7.5502467;16.716564;5.5551276;1.7397906;1.6087983;5.3672576;4.6054654
12.290799;19.678;-4.057294;1.514239;7.681954;17.634068;6.1999035;1.7492913;1.591297;6.057253;4.995982
12.880288;20.401945;-3.949253;1.6383332;8.642255;17.026241;6.0102544;1.8090216;1.5718982;6.0433817;4.925984
10.994587;19.701933;-4.096735;1.5383667;7.4819617;15.764355;5.901905;1.7744372;1.5624928;5.8495555;4.931676
12.419874;18.333067;-3.944675;1.551411;7.5862374;16.579693;5.8832483;1.633641;1.6810544;6.5757513;5.1710973
11.874529;16.712097;-3.8109457;1.6548641;7.4825706;17.173222;5.327319;1.8683822;1.5949345;5.636612;4.9158883
11.928529;18.812609;-4.04529;1.4978279;7.4215226;16.186579;6.2404776;1.7965927;1.6285936;5.8687544;4.813682
13.287982;18.270292;-3.4481573;1.5612749;7.1524315;16.182522;5.368399;1.83748;1.7570035;5.862036;4.673303
12.04903;20.377094;-3.900176;1.6775442;7.534551;15.434296;6.144233;1.9105467;1.6490989;6.4407187;4.879621
12.249542;20.61605;-3.8375275;1.6611738;7.489602;16.671831;5.602926;1.7283887;1.5488834;6.1649685;4.973163
12.300877;18.080008;-3.9723146;1.5124594;7.6081705;14.878712;5.1728067;1.8824881;1.5419755;5.9243665;5.500672
12.7556715;18.897514;-4.097875;1.5025758;7.624593;16.6343;5.7771063;1.85771;1.5725561;6.0199776;4.8355575
11.846236;19.570244;-3.6828625;1.6137065;7.5406494;17.805305;5.598166;1.7334483;1.6648078;6.0552387;5.005491
12.765537;20.250963;-4.02696;1.4579916;7.447818;17.100477;5.8173795;1.7947537;1.5034208;5.5300074;4.689274
13.069986;18.298178;-3.9361043;1.7521576;7.613216;17.353428;5.2935486;1.8705704;1.583219;5.4840035;5.463973
12.588539;19.414513;-4.019181;1.6958307;7.957061;15.293625;6.3529005;1.8629261;1.6543717;6.325604;4.9849505
11.998875;18.440435;-4.166285;1.6385456;7.524583;17.113752;5.9956713;1.844564;1.5862644;6.011621;5.169737
11.727267;17.361376;-3.362233;1.4646306;7.766014;17.692413;5.8489065;1.7594371;1.5204265;5.694039;4.9064374
12.341509;19.021341;-3.9572728;1.5028875;7.44671;16.083;6.2508674;1.5906235;1.5808256;5.912591;5.062723
12.4641485;18.59764;-4.155696;1.7670172;8.042821;17.64068;5.543665;1.8688825;1.663315;6.173909;4.7820415
12.429595;19.898485;-3.8626435;1.4807949;7.412545;18.27796;5.6633635;1.6476767;1.5921482;5.4565086;5.00346
12.777105;19.180853;-3.8588867;1.5911628;7.4678655;14.211154;5.3991833;1.9726838;1.5750835;5.3989024;5.00707
12.082264;19.390903;-3.5494878;1.7097148;7.974714;16.466265;6.0887594;1.6980263;1.6251031;5.9428;4.8842216
13.704674;19.498732;-3.5335655;1.5297807;7.7672167;17.611496;5.818791;1.8362052;1.6755064;5.7619195;4.945968
13.232726;20.8851;-3.9307375;1.6583713;7.1427155;16.33017;5.729756;1.801194;1.497106;5.470042;4.5508666
12.749124;18.425081;-3.9714692;1.6078646;7.327476;15.457263;5.6014814;1.8119975;1.5746535;5.9566903;4.739702
13.46808;19.366817;-3.7897213;1.4735093;7.4504447;16.380964;5.864142;1.7445714;1.6246351;5.8006644;5.1040716
12.611591;18.349539;-3.9759576;1.5871106;7.6601934;13.912205;5.8624487;1.6539224;1.4885994;5.8963027;5.2308054
12.780173;20.107769;-3.8138459;1.440889;7.2969975;16.540623;5.6319013;1.7923878;1.7596233;5.628311;4.998165
13.783631;18.81407;-3.5781488;1.6541076;8.057261;16.925835;6.0401306;1.8070621;1.4760462;5.9032254;5.048216
13.311302;19.291943;-4.004394;1.6181451;8.065857;16.534697;5.7942085;1.7983407;1.7713591;6.050908;5.2886467
11.675152;19.348661;-3.809727;1.543827;7.7594995;16.914017;6.0903254;1.7691371;1.5166637;5.486801;4.6330285
12.402257;18.317274;-4.053749;1.6428616;7.5084105;17.093424;6.0505557;1.6581846;1.7164189;5.5163827;5.090044
12.640402;19.864086;-3.6680834;1.5919923;7.0377703;17.571331;6.0593243;1.8221375;1.5604755;5.8845987;4.946149
12.934926;20.616348;-3.716022;1.4634348;7.41889;18.265188;5.5585613;1.942847;1.6274097;5.629364;5.2411666
11.79848;18.816025;-4.164269;1.573369;6.9918756;15.4422455;6.3362627;1.7542975;1.6027039;5.7969465;5.066136
11.799768;18.9368;-3.9111767;1.5497729;7.0599656;16.950167;5.8781614;1.7468004;1.484121;5.150078;5.140519
13.133645;19.680984;-3.7646344;1.6810379;8.026311;16.67996;5.9394836;1.847329;1.4723231;5.4865994;4.897105
11.357193;19.51426;-3.8894958;1.5027617;7.592645;17.047197;5.334955;1.7810373;1.5605227;5.6826506;4.438731
13.071536;19.843437;-3.8612626;1.5335948;7.8377485;17.008148;5.007686;1.6230943;1.5843436;5.2981596;4.9344954
12.159607;19.051258;-3.9108787;1.6141748;7.246377;17.027597;5.531448;1.943149;1.6238142;6.05971;5.5340443
13.3121;18.48727;-4.2038345;1.6502568;7.685277;17.004223;5.956775;1.82975;1.6494875;6.0873027;5.009601
12.704367;20.276503;-4.019015;1.4796755;7.8073134;16.542627;5.6330247;1.7380785;1.6660998;5.4819865;5.2790112
12.7172;18.752892;-3.987243;1.5677356;7.6329722;16.47709;6.0960126;1.730985;1.6389894;5.6304874;5.3965373
12.714588;18.50596;-3.9123385;1.6324368;7.0551133;16.659346;5.8953886;1.7405238;1.5215963;5.7262917;4.75195
13.323016;18.539993;-4.2419233;1.6179733;8.447148;17.621286;6.186723;1.7003088;1.5434009;5.8096185;5.2695193
12.23687;18.452341;-3.827316;1.6970533;7.3319006;15.748316;5.612518;1.8798844;1.5481093;5.73534;5.3365197
12.559367;17.410473;-4.015528;1.6261587;7.3756404;16.13615;5.804511;1.7468308;1.6708816;5.8084736;5.198095
13.44043;19.268032;-3.631524;1.6410376;7.640251;17.076715;5.8095646;1.8535149;1.6495767;5.9810085;5.000722
12.592543;18.082594;-3.6503108;1.5000397;7.8063245;16.256557;5.6930957;1.6725632;1.4297074;5.589773;5.33129
13.075155;17.280285;-3.853195;1.6767569;7.047864;15.733821;5.2437215;1.8924979;1.5995305;5.844681;5.0994954
13.274338;20.674568;-4.0251093;1.6042259;7.573561;16.004467;5.391473;1.851177;1.57021;5.6563177;5.4199724
11.149749;19.26214;-3.9130514;1.7840145;7.758078;16.712467;5.7060275;1.8088033;1.6305281;6.6541657;5.356315
12.54976;20.102272;-4.09817;1.3916699;7.7895045;16.95096;5.7700744;1.8098934;1.6370447;5.337542;5.4336686
11.731517;17.558567;-3.8400042;1.5631453;7.858433;15.83886;6.170582;1.8423147;1.5052167;5.86276;5.167446
12.455055;19.084864;-3.6335933;1.6200845;7.1872888;18.086147;5.8565636;1.7070644;1.574433;5.6948037;4.881817
12.528993;19.971706;-3.9268196;1.5933148;7.0443907;15.974268;5.370934;1.8140048;1.61193;5.7377863;5.1985016
12.733556;19.870478;-3.5944068;1.6126411;7.377715;15.917354;5.9240623;1.8568125;1.716234;5.5261316;4.742417
12.697906;18.31547;-4.016677;1.5176474;8.252326;16.8688;5.6369696;1.7939299;1.6242843;5.8962774;5.264271
11.418828;19.052967;-3.942322;1.753579;7.77695;19.06079;5.6756787;1.8866645;1.534563;5.2700343;5.065477
12.978854;18.481829;-4.2833896;1.6272929;6.9550395;16.011053;5.5914116;1.8181237;1.573613;6.197978;5.08634
13.129964;19.368895;-3.5990443;1.7029846;7.432954;15.32567;5.511774;1.7687123;1.6282142;6.1023545;4.974887
12.609501;18.755648;-3.8596907;1.59079;7.9028044;16.1234;6.0231857;1.8411056;1.5605211;5.7609115;4.8295884
11.81835;18.417477;-4.113887;1.6316073;7.0219536;15.278793;6.16724;1.681278;1.5187191;5.714261;5.1345415
13.916207;18.365774;-3.9939678;1.7034811;7.4258475;16.778862;6.384438;1.6719795;1.5479016;5.988462;5.308199
13.487024;19.15282;-3.6071188;1.655647;7.5091443;17.112932;5.952482;1.6470689;1.6305073;5.9839025;4.6644816
11.854446;20.93164;-3.6922078;1.6018032;7.55885;16.59768;5.7662582;1.8306684;1.6300244;5.9241676;4.87281
12.551573;19.316317;-3.8669567;1.5314626;7.769799;17.414394;5.6024394;1.7681583;1.7173474;5.494047;4.8776298
11.703574;17.82732;-3.506445;1.5303631;7.018237;15.383413;5.5877357;1.8507315;1.5868509;6.1245313;4.95578
14.115954;19.517735;-3.9915185;1.6661222;7.4380264;16.234905;5.8571506;1.7685212;1.5175338;5.4258213;5.406958
12.71661;18.674599;-4.1381955;1.5904619;8.159467;16.463541;5.6211896;1.6690588;1.4678844;5.645176;4.3921905
13.133181;19.325653;-3.9228199;1.5964154;7.899536;16.376493;6.366413;1.7131916;1.5850661;6.105945;5.0222864
11.786727;18.19258;-3.6279151;1.7131085;7.323393;17.125612;5.7418246;1.6748899;1.4289312;5.855006;5.33178
11.097469;19.101042;-4.068517;1.650087;7.451172;15.91742;5.8865314;1.8895843;1.4766109;6.3476124;4.9803724
12.625351;19.3315;-4.019036;1.6127527;7.2823277;14.35577;6.011919;1.8159713;1.5401431;6.2234874;5.0558887
12.385715;19.204836;-3.8796175;1.6414858;6.8826356;17.761353;6.1707435;1.9000732;1.5509026;5.67767;4.3709764
11.289441;19.107553;-3.4952126;1.662082;8.11045;17.607136;5.9052806;1.6872855;1.5688608;6.0441217;4.852799
13.47783;19.733831;-3.622251;1.4319545;7.079461;16.670773;6.1185093;1.8036195;1.6675036;5.9361067;5.110301
12.263826;17.633623;-4.224611;1.7105674;7.7112412;16.451315;5.9203634;1.7795322;1.6052979;5.6588235;4.6628075
12.7844925;18.712046;-4.006694;1.5147727;7.9614816;16.033403;5.4300237;1.8491366;1.68231;6.265072;4.996466
13.091468;19.384613;-3.792189;1.6542231;6.644692;16.30563;5.8535695;1.6297235;1.6323776;5.1772666;4.971079
12.489519;20.342148;-3.7727306;1.6521505;6.510169;16.302723;6.072804;1.8772559;1.4727002;5.7775726;5.0587783
13.651412;21.02992;-3.7410944;1.5884055;7.6349206;16.836975;5.797659;1.779643;1.4051762;5.9655495;5.403086
13.48016;18.402975;-3.9209383;1.6286839;7.362756;16.428759;5.4916725;1.8477054;1.7186879;5.665998;5.1454606
12.115965;18.565462;-3.7919605;1.595611;7.098655;17.207668;5.6678305;1.8828652;1.5861235;5.5213685;4.8472514
12.73251;20.32386;-3.51398;1.5616664;7.9276886;16.80689;5.787791;1.8869293;1.4578655;5.7868466;5.2228017
12.974582;19.58268;-3.7439525;1.6410153;7.2003675;16.687674;5.881798;1.9340811;1.5893155;6.5747485;4.9908514
13.089369;19.102993;-4.2180367;1.6224183;7.680137;17.198883;5.515347;1.7554839;1.5659776;5.677013;5.0141835
12.691606;20.874508;-3.9453044;1.4662231;7.2154703;16.59191;5.482279;1.8389189;1.6035982;5.84313;4.9713106
12.774003;20.575792;-3.5083184;1.6108721;7.5598097;17.480341;6.515879;1.9397948;1.6213794;6.1394486;4.8336844
13.629898;18.444664;-4.0770435;1.3463207;8.16579;17.090185;5.9546337;1.80587;1.5262039;5.572525;5.350516
11.914567;20.4996;-4.0378804;1.6378227;7.660677;16.668587;5.825981;1.7841308;1.506678;6.2668853;4.4832683
11.658093;18.759867;-3.6798515;1.8051039;7.5924544;14.877838;5.9324965;1.6678909;1.5895021;5.9657984;5.017498
11.901204;18.526213;-3.705637;1.7176998;7.7717824;16.056547;6.152922;1.9101406;1.5234727;5.6223407;4.5975404
12.892202;18.025148;-4.0111737;1.6159974;7.705662;17.152681;6.098923;1.7627196;1.6248755;5.57721;5.1671395
11.708567;19.311586;-3.9019601;1.6046323;7.617735;17.571928;6.1840363;1.8589079;1.418069;6.015312;5.141348
12.559988;18.557821;-3.823836;1.5112814;7.5780096;17.204704;6.1702657;1.7791976;1.7483324;6.179407;4.700733
11.923399;18.982939;-3.6017973;1.4969383;7.627154;15.2259035;6.2053347;1.7861122;1.5825495;6.073545;5.2294827
12.338016;19.045506;-4.1561775;1.5648737;7.1604633;17.944086;6.0427127;1.7586482;1.6570207;5.7487874;4.961013
13.068764;20.504938;-3.69233;1.4306511;6.9026036;17.703041;5.859785;1.7455045;1.579842;6.215316;4.535376
12.448694;19.245028;-3.8994007;1.6119109;7.322436;16.078102;5.3273168;1.7758572;1.5798959;5.164396;4.481161
13.041648;18.794546;-3.5508165;1.705145;7.5286016;17.773962;5.550705;1.8101625;1.4444375;5.9319205;4.8156047
12.256517;18.843647;-3.8937902;1.5386745;7.5453434;17.362492;5.924404;1.7496352;1.5446134;5.8962464;5.325787
13.973858;19.247576;-4.1651006;1.64245;7.5902076;16.526268;5.952424;1.8441067;1.4786013;5.5891366;5.1584797
13.032971;19.021486;-3.774565;1.7273188;7.626893;15.951986;5.3376327;1.7694151;1.5888662;6.410983;4.7913237
12.858119;19.102766;-3.9114282;1.7157782;7.5520134;15.93604;6.1699777;1.8978708;1.7312388;5.975502;4.713351
13.06151;17.079123;-3.784695;1.5905347;7.7128363;16.596613;5.143087;1.870818;1.6828151;5.462278;5.035342
11.694214;18.994604;-3.890812;1.5994428;7.039564;16.39648;5.599287;1.8637135;1.606787;6.406499;5.0818577
12.443952;18.860023;-3.6802;1.7311677;6.933746;16.317192;5.723885;1.743296;1.6838381;5.955174;5.3097763
13.30182;16.612759;-4.16114;1.5429703;6.7582245;17.3292;6.0695534;1.695209;1.5510192;5.5487304;5.151548
12.206781;20.096537;-3.9067404;1.6837238;7.9732275;16.89632;6.0198493;1.8394707;1.5856665;5.239711;4.905693
12.360491;18.644213;-4.446626;1.603924;6.9181094;16.341652;5.793718;1.8798125;1.6961846;4.932797;4.8727555
13.451651;19.2144;-3.9786954;1.5770677;7.483544;17.133593;6.03932;1.7569594;1.6127917;5.8161416;5.703451
11.038649;18.505692;-4.075035;1.694285;7.0758595;16.637724;5.177702;1.9120716;1.5589198;5.95666;4.9224916
13.485064;18.260698;-4.141624;1.6053392;7.071207;18.023993;5.6852493;1.8527286;1.5579392;5.618904;4.7912526
12.299748;17.681646;-4.003654;1.7990477;6.4335403;16.246405;5.5337563;1.8769474;1.4879712;5.6434216;5.2957106
11.532146;18.425274;-3.514225;1.6660464;7.8000293;16.865383;5.9847407;1.7113389;1.6175059;5.7892084;4.7147717
12.61216;18.815144;-3.7290347;1.5911871;7.735426;16.321966;5.166445;1.7151045;1.6372064;5.7728386;4.9538813
12.239395;21.128733;-3.8934698;1.6154022;7.6928596;16.314945;5.8009253;1.8421656;1.5882459;6.0506363;5.3551307
13.909334;17.469707;-3.8513536;1.6996875;7.667611;17.329454;5.8133135;1.8018321;1.5798743;5.8836308;4.9497657
12.109358;19.196842;-3.895591;1.6509225;7.560151;14.967247;5.905186;1.7366768;1.599218;5.8042164;4.8817067
11.686869;17.923702;-3.6051333;1.4065907;7.24009;13.8918;6.065954;1.7814813;1.6139725;5.893683;4.725558
12.505533;20.740084;-4.3094554;1.5566579;7.840905;17.581047;5.581084;1.7583147;1.7446105;5.5458384;5.4594946
13.1227665;18.733566;-3.571608;1.7195634;7.5595784;17.438921;5.0324125;1.8206819;1.5751865;5.730536;4.9595585
11.606253;19.692413;-3.6827338;1.6743486;7.5248528;15.945235;6.1018276;1.7502935;1.4521445;5.438442;5.054847
14.420983;20.03523;-3.923474;1.4938639;7.897952;16.498144;6.2500424;1.8199685;1.5541784;5.8739076;5.354271
12.792008;18.162851;-3.9969823;1.65483;7.7284966;16.873877;5.715998;1.8438021;1.6543099;5.792042;4.8604302
11.811055;19.09992;-3.7390509;1.5772673;7.403642;17.356089;5.5204644;1.6724148;1.5493085;5.823767;4.7002373
13.687967;19.242321;-3.9227827;1.4329516;6.866269;17.055058;5.9006763;1.781837;1.6984539;5.3062544;5.1889353
12.207962;19.490402;-4.0734963;1.6263499;7.4344106;15.863608;5.5165577;1.8574486;1.5878057;5.4606895;5.1317043
12.795499;18.883072;-4.217083;1.5773268;7.4857965;14.99944;6.216711;1.6873455;1.5636005;5.6430206;4.9733524
14.007722;18.516771;-3.4173608;1.6219639;7.75595;15.24209;5.87693;1.8023515;1.5673587;5.801521;4.7905073
13.1775255;19.89533;-3.894803;1.589922;7.850494;15.807421;5.2644134;1.8845446;1.5370731;5.648988;4.8005443
11.6899605;18.61242;-4.113246;1.6702001;6.755365;18.57222;5.901396;1.7814441;1.6022923;5.1576166;4.7061443
13.003599;17.79946;-3.7653794;1.7367644;7.6141634;16.28108;6.5801353;1.8751849;1.5732452;5.913399;5.3574867
14.131907;19.19897;-4.1976924;1.6394973;7.408688;16.22855;5.40287;1.7519189;1.7152884;6.3473825;5.07083
12.683239;18.809868;-3.8332818;1.5446839;7.028833;16.972588;5.8956027;1.6803975;1.6782029;5.712798;5.3238487
13.38992;17.138678;-3.9601755;1.6164993;7.387235;17.114038;6.0658755;1.759961;1.5618457;4.8882737;5.0151167
11.250414;20.175453;-4.03243;1.6011773;7.165592;17.046824;5.386914;1.6953901;1.4926444;5.2456055;4.812911
13.1874075;18.09039;-4.1580563;1.5910553;6.941098;16.905457;5.4773664;1.8293793;1.598786;5.897053;4.885504
13.276598;17.574009;-3.8881087;1.4580133;7.3483496;16.16184;5.465388;1.7424964;1.8022034;5.8073063;4.913948
12.548923;20.196558;-3.7536426;1.5480037;7.0839915;17.319881;5.2922173;1.8311323;1.6534919;5.46809;4.6919174
11.84012;18.338041;-3.9550254;1.6134042;7.442879;16.294508;5.6873446;1.8602705;1.566231;6.1392646;5.3503814
13.183802;19.17867;-4.1218615;1.564548;7.5818586;16.465897;5.7405;1.8419389;1.558371;5.9741144;5.3814015
12.841655;17.841408;-3.9807804;1.4640776;7.6091475;15.8850565;6.147477;1.8689322;1.5801023;5.9017353;4.9839826
12.576548;18.94086;-3.7190173;1.5121108;7.60169;18.183893;5.6981034;1.6349806;1.6018568;5.6533;4.8703003
12.8844385;18.031769;-4.2337523;1.6247381;7.499864;16.769419;5.9130225;1.7940962;1.4500531;5.4155855;5.0078297
13.002087;17.786768;-4.132641;1.6561773;7.6592684;16.17251;6.3224654;1.9096489;1.5676084;5.54285;5.1780515
13.047096;19.104324;-3.7086027;1.6402649;7.7694874;17.423563;5.678088;1.7677563;1.5740854;6.138076;4.8323045
12.441016;19.454683;-4.0242457;1.5905126;7.600639;15.480471;5.82767;1.8460081;1.5845925;5.7923236;4.908472
13.300279;21.412552;-3.7122476;1.5931007;8.280285;15.566745;5.1757994;1.8289742;1.5780233;6.030819;4.9554515
13.31595;19.940868;-3.8901691;1.7199141;7.7919483;15.605769;5.9807887;1.8656647;1.5324111;5.6487465;4.3249655
12.734974;19.41176;-4.2844753;1.4907945;7.3073325;16.247612;6.1104317;1.8055762;1.6268154;5.517959;4.8284273
12.104905;20.044485;-4.250107;1.695166;7.429103;17.571037;5.758745;1.7356611;1.7135122;5.8552155;4.6613417
11.710708;18.59911;-3.852696;1.5514762;7.001119;16.079954;6.207663;1.8162243;1.6062316;5.7773614;5.009671
12.830383;17.44996;-4.233411;1.4719985;7.7522106;15.417276;5.6877365;1.8460517;1.4545224;5.7984962;4.839258
12.623742;19.388306;-4.1715584;1.5697509;7.4208193;15.437366;5.6935005;1.7615204;1.5301002;6.1095514;5.1359315
13.009606;19.583578;-3.7937799;1.6380028;7.563774;16.455538;5.667433;1.8678303;1.5941128;5.771731;5.282629
12.76748;17.55052;-3.9985952;1.6935116;7.4800124;18.335718;5.812999;1.7629336;1.5504074;5.8888826;4.816935
12.585334;19.706192;-3.9337804;1.5348269;7.7064676;16.723581;5.9906;1.8443372;1.745766;5.915699;5.5515985
12.647329;20.025068;-3.8427906;1.526541;6.7275314;17.390001;5.8501973;1.6899518;1.6707402;5.7301154;5.0450206
12.759143;17.27038;-3.9027693;1.592338;7.6650615;15.368151;5.3717084;1.743698;1.6870059;5.8651214;5.0555
11.6889715;19.767239;-3.813675;1.5934944;7.24101;16.862127;5.7403975;1.7127846;1.5588012;6.18796;5.0726147
12.634503;20.423006;-3.8475814;1.6431513;7.3218493;16.489231;5.604045;1.7401646;1.5357053;5.5295825;5.016213
12.502876;20.061895;-3.9635851;1.7485061;7.6547894;15.891613;6.2998343;1.8100612;1.6662465;5.4294963;4.7734647
12.48741;18.692455;-3.822597;1.5416726;7.6379495;16.277878;5.660574;1.6470767;1.5287517;5.8517356;5.0226326
12.863343;16.779917;-4.0143642;1.7841966;7.095859;16.599688;6.226176;1.8488852;1.5059911;5.682455;4.861279
12.555422;20.751177;-3.8657491;1.5038981;7.443845;17.582415;6.2274094;1.8989351;1.5877471;6.4565163;4.8732553
12.796318;19.627598;-3.7965548;1.5533049;7.468912;15.507814;6.0772424;1.7487665;1.6092335;5.740556;5.3526006
13.956191;17.812048;-4.027743;1.7406008;7.830256;17.222986;5.7713275;1.784882;1.6265845;5.451811;4.375586
12.210884;18.88105;-3.6884944;1.5050248;7.788581;16.572716;6.02741;1.7675536;1.4212275;5.4959664;4.975323
12.875023;18.296553;-4.215058;1.6692644;8.160711;17.122736;6.196008;2.0897548;1.5345788;6.153966;5.1227593
11.148283;18.180931;-4.224418;1.6062425;6.978098;17.159544;5.571303;1.8051889;1.5241084;6.258874;4.9772496
13.605005;16.904673;-3.8227396;1.6301985;7.5639157;15.168898;5.8447495;1.878809;1.6261262;5.130496;5.013979
11.908113;20.06978;-3.9620724;1.60382;6.908973;16.168427;5.972174;1.9329615;1.5834789;6.1202064;5.4792285
12.901668;17.972414;-3.5164256;1.5697515;7.3641276;16.176777;6.0452204;1.7646558;1.6434337;5.40717;5.722152
12.162597;17.672525;-3.5593128;1.6044621;7.96268;14.689534;6.2189994;1.6592845;1.6571399;6.088977;4.932707
13.570232;18.782118;-3.6380224;1.4729227;7.9255724;15.798167;5.675212;1.8519499;1.5291145;5.5687203;4.9354987
12.863827;17.81276;-3.6312373;1.5948203;6.942956;14.897463;5.5733933;1.8631725;1.5778266;5.895578;5.1644006
12.9515705;19.722878;-3.7727492;1.471835;7.397034;16.262026;5.5721416;1.623734;1.5925027;5.8323793;4.5691547
12.296164;19.184038;-3.5622468;1.6732296;7.351202;16.718021;6.1527042;1.7154909;1.6405004;5.4963174;4.9711804
12.420801;19.3952;-3.6928778;1.566855;7.461066;16.60355;6.0135965;1.7379673;1.6984789;6.209829;5.141087
13.229858;16.504637;-3.8045473;1.6032219;7.587419;17.595531;5.5637302;1.9489033;1.4757988;5.8373475;5.4115314
11.942968;19.135517;-3.9169958;1.5601083;7.9798174;16.75632;5.9136696;1.8367906;1.7405235;5.7102947;5.267507
12.025631;17.711372;-3.7293377;1.6542364;7.6719966;16.870409;5.346772;2.012475;1.5628798;5.8619823;4.7667418
12.720691;18.29196;-4.170621;1.5466045;6.3160577;16.251;6.2356377;1.7699672;1.6631906;5.7735543;4.857063
11.886978;20.011292;-3.951041;1.554007;7.6928906;16.132954;5.837597;1.7550884;1.6860279;6.03774;5.2939997
13.479555;19.1283;-4.1240106;1.5273542;7.3521843;17.679281;6.047915;1.9445142;1.5739458;5.883001;4.9627066
12.440651;19.200047;-3.9446173;1.4812146;7.7378187;17.40567;5.5217576;1.8676424;1.6025914;6.1600475;5.0989532
11.745476;18.03744;-4.006278;1.5437906;6.656601;16.004404;5.4771442;1.9096287;1.5814255;5.7959504;4.999578
12.663034;21.35698;-4.016993;1.7183515;7.175246;16.800062;5.452523;1.8255464;1.4540979;5.9691606;4.8575726
13.574357;18.729656;-4.002152;1.6473721;7.6211686;17.55646;5.5432673;1.916805;1.7096123;5.635924;4.691982
12.83873;19.355478;-3.590155;1.5756615;7.2696;17.396673;6.1309824;1.7080228;1.6859956;5.776326;4.902584
12.739189;17.807478;-3.9499211;1.641889;7.105036;17.367071;5.8882804;1.8169128;1.6682758;6.214223;4.4217987
12.357391;17.280352;-4.161962;1.5458874;7.018522;16.376505;5.7740493;1.859474;1.6388088;5.5029683;4.869842
13.823161;16.850754;-3.710367;1.5468736;6.955046;15.980607;5.5047565;1.8399665;1.6455935;5.2607183;5.028243
11.435582;18.807419;-4.092062;1.5286565;7.70885;15.820833;5.224694;1.755966;1.634738;6.142974;5.3615127
12.878633;18.86644;-3.6514003;1.5783329;7.118073;17.991455;5.580533;1.8909163;1.6628116;5.337689;5.0275426
12.286322;19.575655;-3.9497187;1.6560627;7.6073737;16.299276;5.5749207;1.7984052;1.6505907;5.5873785;5.3503585
13.6497965;18.525812;-3.803622;1.5700185;8.17225;16.827227;6.1127644;1.7951488;1.6543444;5.5312247;4.8337135
12.439895;19.107634;-3.7259107;1.7358557;7.86377;16.341791;6.0515833;1.9211504;1.5078835;5.910098;4.8646665
12.257865;19.59693;-3.910533;1.5939406;7.458494;16.642647;5.71782;1.8778839;1.5088973;5.864798;5.205689
13.364588;20.007856;-3.8501575;1.4490839;7.69503;16.96062;5.3845863;1.8164263;1.5619494;5.465656;4.4526334
12.584887;17.392397;-3.8272612;1.6212525;8.087008;18.625784;5.7991633;1.7602587;1.5761858;5.6887655;4.627269
11.455318;18.461489;-4.0913267;1.5622119;7.5503364;15.618409;6.1521387;1.7891823;1.5432854;5.9159794;4.902147
11.5552845;18.184622;-3.7677224;1.6109535;7.539948;16.694246;5.4064703;1.8169535;1.6648601;6.0769215;4.8229547
12.635561;19.968271;-3.9629195;1.6779121;7.8358426;15.107546;5.9071016;1.8716279;1.6117752;6.363414;4.875694
10.883801;19.777323;-3.8442078;1.4329351;7.397286;15.984396;5.6071286;2.0054517;1.5191112;6.1476154;5.284843
11.3082285;18.153946;-4.296172;1.4985837;7.190526;17.488161;5.3378954;1.7818483;1.6922055;6.2668276;4.8466115
12.023253;18.779919;-3.7782779;1.496628;7.944388;18.150745;6.0064545;1.8686863;1.5997887;5.5614867;5.128436
12.415947;18.581581;-3.8295143;1.6232572;7.813111;17.600645;6.1733665;1.6427728;1.6220407;6.558297;4.880461
13.829138;19.976675;-3.5188243;1.6424888;8.10646;17.67806;5.853873;1.8731754;1.6199751;5.812922;4.928225
12.549053;18.46675;-3.9898317;1.652094;7.7718945;17.473139;5.6953535;1.840101;1.6500598;5.984117;5.3380895
12.351498;18.416073;-4.1350536;1.6170415;7.2420425;16.857908;5.8178983;1.8991431;1.6554672;6.214904;4.8761415
13.17619;19.260532;-3.7622683;1.7421439;8.049442;16.11137;5.6380286;1.894379;1.4534541;5.9760065;4.9545484
13.156661;19.897911;-3.8609903;1.5872734;7.1947207;17.154503;5.723034;1.6830229;1.6859558;6.5695696;5.0328164
12.546993;19.507807;-3.9449618;1.6421514;7.585595;16.0021;5.977828;1.8203613;1.5829468;5.7707314;5.035046
12.46218;20.009552;-3.8162344;1.5717266;7.292301;16.194712;5.6681423;1.9601516;1.5336279;5.4557543;5.0097656
12.479781;17.86592;-4.035769;1.6901661;7.5152903;18.516294;6.0322275;1.8005805;1.7124183;5.311279;5.022082
12.387059;19.43734;-3.8431964;1.6259137;7.777428;17.303291;6.096996;1.7857049;1.625516;5.788744;5.2878013
13.2773695;18.38733;-4.1989455;1.5759964;7.560723;15.916891;6.103843;1.806239;1.4401071;5.959846;5.8093376
12.308911;18.712769;-3.9664617;1.5722711;7.0467486;14.722183;6.0136423;2.0065804;1.5125712;5.539334;5.265723
12.668028;18.143612;-4.060567;1.5638812;7.7682476;17.27106;5.835833;1.7084229;1.5956372;5.884345;4.4754415
13.517288;18.691158;-3.9445255;1.6100657;6.7556;16.829573;5.8836207;1.7172316;1.5348237;5.909601;4.7396016
13.026128;19.381983;-4.080063;1.5232995;7.7380757;17.316536;5.6988378;1.6320583;1.766118;5.455886;4.8487763
12.125565;19.46092;-3.5490153;1.604444;7.550679;18.50295;6.174575;1.698591;1.6595194;5.8584914;5.100742
11.792629;19.416828;-3.8907018;1.6598628;8.259584;16.598007;5.831656;1.8730037;1.6054531;5.5835805;4.8074727
12.70971;18.952454;-4.2207947;1.5473714;7.566882;17.409163;6.1659455;1.8960636;1.4958456;5.660283;5.438683
13.408168;19.325697;-4.2117577;1.5250499;6.8934774;16.677654;6.2295995;1.7541236;1.6486019;5.6834235;5.24404
11.974612;18.70244;-3.9309847;1.5539436;7.655789;17.893097;5.638004;1.8155662;1.5448035;5.9798975;5.1435347
13.394865;17.528963;-4.000376;1.5459914;7.659422;15.619931;5.29331;1.7301111;1.6046704;6.267734;4.695021
12.30063;17.71399;-3.4503338;1.6209805;7.5279417;16.752546;6.2082577;1.8223096;1.5128855;6.5082293;4.888698
13.264425;18.909155;-3.6402314;1.5199041;7.050771;18.14169;5.980249;1.7492785;1.6033211;6.1750574;5.1365166
11.973099;18.842808;-3.8613496;1.5958292;8.027009;16.570063;5.971214;1.8391564;1.7394202;6.2816772;5.049228
12.982677;20.084455;-3.820374;1.5852965;7.6605372;16.537203;5.882673;1.6610498;1.6524675;5.8737717;5.217841
13.010066;19.369705;-4.2070427;1.7991325;7.142458;17.254492;5.8156543;1.7816423;1.6262327;5.6551485;4.9978023
13.980289;17.83528;-3.9735897;1.5469085;7.030828;16.115555;5.180183;1.7550107;1.6722031;5.5238504;4.9936147
12.724806;20.471355;-3.9781492;1.5265188;7.640852;16.420256;5.779795;1.807953;1.6078981;5.736827;5.109106
12.247261;19.215656;-4.0576215;1.484927;7.637813;17.0911;5.535325;1.914838;1.6081278;5.7240276;5.2657332
11.8332205;19.115263;-3.5093057;1.5824925;8.13223;16.224041;5.8001204;1.8334748;1.5991486;5.3380985;4.645297
12.285481;19.194118;-4.403752;1.608761;7.579884;16.578121;5.6233025;1.6986861;1.8212818;6.1369643;5.102586
12.190341;19.145481;-3.6532843;1.5202155;7.4108887;15.863189;5.775264;1.8060884;1.6418264;5.464378;5.1712246
12.44323;20.32342;-3.996376;1.5553069;7.0026274;16.577856;5.9718256;1.7945973;1.5988703;6.0833435;4.8521194
12.882944;20.267475;-3.9087062;1.6333992;7.7519393;16.278362;5.7235875;1.6777216;1.7051194;5.67802;5.4117813
13.002718;19.469809;-3.9178977;1.4084594;7.2858963;16.437124;5.279867;1.915033;1.6492635;5.89002;5.1385455
13.1246805;18.427448;-3.806336;1.6973078;7.590657;17.267696;5.547444;1.848039;1.5974017;5.617227;5.062198
13.145848;17.94182;-3.7320817;1.4573982;6.9180827;16.63255;5.8136015;1.8605009;1.7414632;6.0698586;5.1883354
13.776317;18.891684;-4.171464;1.5913218;7.546351;17.45044;5.2919974;1.854762;1.5812886;5.518555;5.375951
12.618746;18.932405;-3.8725224;1.7122729;7.951764;16.615398;6.3337507;1.9647478;1.7671076;5.6670713;5.118348
14.21765;18.718586;-3.9750154;1.5573016;7.3602376;15.636809;5.822332;2.0193112;1.7992141;5.9924483;4.888186
14.251271;18.731562;-4.022975;1.5331239;7.716457;16.24431;5.137902;1.8961252;1.708148;6.0289707;4.9193974
11.793752;19.17403;-3.7720048;1.7103132;7.648301;15.631745;5.96463;1.7273673;1.7021021;5.980328;5.346009
11.655454;17.005402;-3.8473113;1.6216602;7.421552;17.875359;5.5167656;1.7457881;1.5814573;5.821459;5.0391827
13.079473;17.907804;-3.7260375;1.5488033;7.7626767;18.393263;5.827693;1.9159124;1.6786284;5.677046;5.1735597
12.623428;19.760427;-4.3521914;1.6806517;7.521079;17.313105;5.8159547;1.9317297;1.5136427;5.8589926;4.9027104
12.241712;18.293325;-3.7368886;1.5456294;6.967452;15.674933;5.9358587;1.8289052;1.6381911;5.893389;4.9047985
14.149626;19.147299;-3.9226413;1.4382976;7.6934967;15.536517;5.644871;1.849166;1.5350137;6.0801625;5.1363597
13.14266;18.780691;-3.9318252;1.6411146;7.763429;14.728914;5.805882;1.7058437;1.6034901;5.8706503;5.392632
13.693735;18.476469;-4.315501;1.622094;7.4504437;16.008291;5.727619;1.7831049;1.6213161;5.6229825;4.764002
12.9821415;18.819578;-4.019458;1.6276178;7.118228;16.995895;5.821033;1.9049747;1.5799713;6.027192;4.9499087
12.232308;17.900688;-3.9012587;1.4944715;7.403124;18.142183;5.636484;1.7790358;1.5876766;6.432274;5.2741313
13.167034;19.716885;-3.8177772;1.5147302;7.139362;17.68569;5.752054;1.9226563;1.6035237;5.8223877;4.9905677
11.962913;19.217567;-3.9328628;1.5242363;7.6078935;16.207493;5.312685;1.6957493;1.4873039;5.772788;4.873526
12.480481;19.683937;-3.951103;1.5236363;7.208105;16.67852;5.7043843;1.8175625;1.6973445;6.1861672;4.9760447
13.149623;19.78268;-4.125751;1.7883476;8.18005;17.1583;5.9855328;1.8806429;1.5429045;5.7218227;5.15281
12.953522;18.447649;-4.0657845;1.7261066;7.4296365;16.724905;5.862105;1.748659;1.5034821;5.361123;5.2287993
12.425361;18.882011;-3.7854817;1.6300812;7.9299192;16.472076;5.453103;1.8811076;1.6238708;4.975433;4.6995287
12.67087;19.401579;-3.812397;1.6287689;7.4611835;15.152054;5.6481366;1.7357181;1.6705786;6.516083;5.0189857
12.891871;19.917189;-4.084709;1.5201733;7.4247274;15.331639;5.443203;1.8099394;1.5236348;5.7899733;5.4353957
13.189247;19.158838;-3.946218;1.6534543;6.8843627;16.73682;5.186035;1.6677575;1.6484327;5.9988966;4.9371047
11.716305;19.872454;-3.6501298;1.4740715;7.7024355;16.482073;5.6591463;1.9573661;1.6203728;5.1465764;5.0566735
12.905876;18.584805;-3.9842837;1.6331518;7.7117095;17.661097;5.6327014;1.9124438;1.5849226;6.0326996;5.20164
13.358038;18.18736;-4.082102;1.4935163;7.533269;16.695274;6.0661592;1.8680058;1.6260523;5.8493786;5.12293
12.018648;20.242779;-4.1046505;1.5424907;7.051222;16.679874;5.832472;1.7816207;1.5784297;6.1552835;4.9226465
12.827419;19.441349;-3.684434;1.7222576;7.894156;16.47757;5.752108;2.0082989;1.4769428;5.758259;5.0384464
11.894314;17.175917;-3.6721623;1.5448359;7.564811;16.107723;5.687443;1.8032167;1.6629024;5.7969394;5.020851
12.639968;20.66813;-3.7087233;1.6054561;7.273507;16.304958;6.295354;1.6480514;1.6000127;5.8516207;4.7612042
12.729426;18.977312;-3.5701172;1.5652734;7.0739512;16.229689;5.476321;1.9234489;1.6049563;5.296093;5.2009397
11.931386;19.782785;-3.7310076;1.6546901;7.558333;14.831141;5.820317;1.6255107;1.4713575;5.7534966;5.8532043
12.249217;18.061802;-3.8332906;1.5355178;7.143838;18.652746;6.1788216;1.8649855;1.6351869;4.970655;4.5343122
13.210232;16.533022;-3.9768038;1.4789604;7.6920757;16.36435;5.79488;1.9398052;1.6776342;5.8403215;5.317303
11.648065;18.204796;-3.5930984;1.6040658;7.2136974;17.543577;6.1901393;1.7609497;1.6222292;5.61877;5.103203
13.628328;18.43646;-3.8158028;1.613863;7.8714223;17.792044;5.6607947;1.8301408;1.5951561;5.547983;5.2006054
12.312961;20.603949;-3.9615664;1.5362748;7.7429724;16.310188;5.767244;1.8586978;1.7378998;5.2151523;4.586243
13.434537;16.04852;-3.726661;1.5499318;7.510685;15.002783;6.097987;1.8040097;1.3275791;5.680103;4.852114
13.732853;18.617853;-4.095017;1.5114722;7.492077;16.83595;5.618074;1.5485718;1.4720049;5.96322;4.893391
12.478436;19.137768;-4.0359316;1.6261969;6.9763503;16.670689;5.588938;1.9216429;1.4841784;5.642818;5.5597124
12.061638;19.36757;-3.770886;1.5819044;7.690845;17.58032;5.872671;1.9062022;1.6315277;5.297542;5.0791106
12.711926;18.386814;-3.9294252;1.5704255;7.6755657;17.605818;6.459503;1.8469269;1.4582338;5.339624;5.0608945
13.264056;18.374369;-4.147547;1.6236185;7.6854324;18.342953;5.177243;1.7164638;1.6908227;5.744634;4.820262
12.970753;19.506691;-4.0096493;1.5461677;7.3889256;17.062008;5.7635655;1.7771374;1.6053208;6.003343;5.1302476
13.958552;18.286322;-4.0232096;1.5912614;7.451034;16.496656;5.9470167;1.7774599;1.497047;5.9031277;5.158591
12.922639;17.766924;-3.6368535;1.5387051;7.51657;16.924679;5.6559176;1.7525685;1.4974611;5.5600553;4.9956074
13.260795;17.988148;-3.7272515;1.4580883;7.767385;16.894583;5.796684;1.833052;1.5388188;5.3866544;5.122587
13.987809;19.440418;-3.2821898;1.5574934;7.183154;16.243946;6.1041336;1.6826512;1.5428847;6.0649104;5.2644854
12.805964;20.408493;-3.7234805;1.5882826;7.495112;16.09636;5.906713;1.7997706;1.5259213;6.23812;4.7792273
11.80477;18.665073;-4.2009535;1.5428821;7.8885345;16.673862;5.6068153;1.8917105;1.5914619;6.3303967;5.0321574
12.444491;21.302374;-3.8653357;1.4988307;6.764353;18.738356;5.908166;1.6726522;1.5237471;5.596626;5.366265
12.8588295;19.012798;-3.6594248;1.6517872;7.7701335;17.4168;5.6233993;1.8577656;1.5115939;5.4792523;4.9111543
13.1439705;20.44831;-3.6075528;1.7873485;7.6335764;16.356472;6.1518764;1.8348892;1.5560213;5.8927;4.985177
13.139691;19.700096;-3.9108987;1.6596041;7.469303;17.19907;5.363847;1.948371;1.6004;5.6254573;4.7625937
13.260135;19.517986;-3.8660314;1.6243808;7.2551064;16.614735;6.441862;1.9310961;1.5458487;5.486627;5.162278
11.993993;17.720545;-3.8666267;1.5774513;7.8024755;17.916655;5.971623;1.8911073;1.6236159;6.5385504;5.5076756
12.108575;19.469244;-3.4699514;1.673203;7.4734025;15.744808;5.4829984;1.8629472;1.5903481;5.8709683;5.126781
12.747308;20.133844;-3.67389;1.4968792;7.6344357;17.367437;5.998084;1.8492416;1.7675164;6.152628;4.9625387
12.8403425;20.467638;-4.0301614;1.7054877;7.2582884;16.00148;5.806306;1.6932504;1.6774753;5.510837;4.9554763
12.422382;19.079506;-4.051082;1.5816139;7.633273;16.179377;5.5958304;1.6774575;1.662874;5.8614025;4.8075023
12.292885;18.87829;-4.005177;1.6187863;8.141061;14.954036;5.651443;1.8711883;1.678275;6.0135384;4.6370373
13.475131;21.213413;-4.1304784;1.5092366;7.601657;16.515444;5.6206856;1.7185405;1.6338029;5.643918;4.799524
12.092495;19.301874;-3.978558;1.3908838;7.2480416;16.384108;5.7223797;2.0578845;1.6407914;6.208877;5.0315957
12.498585;19.016375;-3.7874858;1.6774504;8.00041;17.23093;6.144896;1.8611306;1.3773984;5.9268546;4.8630805
12.655347;19.896782;-3.8249714;1.6124653;8.393085;17.588274;6.0620766;1.8850178;1.7812843;5.8323164;4.7353315
12.82366;17.385262;-3.7245622;1.3567429;7.4144783;16.338394;5.710898;1.791206;1.6510905;5.974361;5.0771155
13.40372;18.112148;-3.746509;1.6046929;7.0288463;18.03617;5.84246;1.6512797;1.6467975;5.609062;4.9926095
12.236992;19.733858;-3.6005661;1.5490438;7.219077;15.713844;5.9222975;2.0326023;1.5737882;6.281066;5.0153093
12.94075;17.78285;-3.6532543;1.6582309;7.5159187;17.276085;5.2025423;1.7298021;1.5986835;5.3871155;4.864192
11.930298;17.140692;-3.7383435;1.6111941;7.8996058;15.677828;5.584692;1.8450632;1.687565;5.981244;5.149942
12.785614;20.281921;-3.9729292;1.682185;7.45085;16.795124;5.8463635;1.7036992;1.5929413;5.94056;5.0243697
13.033456;18.902609;-3.9732373;1.5853761;7.1765823;16.542309;5.7967615;1.7788897;1.5143193;5.7530637;5.0508513
12.673486;18.651123;-3.7547843;1.5998796;7.2863483;16.55705;5.6143966;1.8433034;1.599828;5.8896904;4.993181
12.951597;18.881353;-3.5416417;1.5470197;7.5117216;16.740671;6.138001;1.6558968;1.6806841;5.901946;4.9343925
11.45709;19.689701;-3.9308546;1.6806186;7.3147573;17.517607;5.7436795;1.827793;1.6168838;6.0182505;5.3322916
12.050909;17.453772;-3.7647195;1.618686;7.1346283;17.287384;6.2956696;1.8767481;1.6638972;5.343258;5.3651543
12.470568;19.533045;-3.9412134;1.5138658;7.581629;17.28735;5.7709107;1.7626951;1.6758814;6.261489;4.676056
12.9727955;19.039886;-3.8834834;1.5124241;7.617115;17.424282;5.6739573;1.8819803;1.625288;5.2668324;5.195458
12.871953;18.633883;-4.174537;1.7543823;7.144358;16.613377;5.760569;1.8065208;1.7088479;5.9111586;5.4126525
13.715075;18.612137;-3.9653625;1.5934932;8.371178;16.721813;6.031271;1.7155066;1.4938558;5.343672;4.9795074
12.74534;21.606995;-4.2221622;1.6182662;7.438404;16.854296;5.740703;1.7735472;1.5465631;5.449929;5.092435
12.362705;19.178253;-3.8286974;1.6419775;6.8643904;15.619388;5.3540773;1.8220426;1.7485021;5.685851;5.4384303
12.28702;19.024359;-3.8036773;1.6302867;7.8688016;16.477583;5.537855;1.6382253;1.5941625;5.834016;5.2398586
13.202448;18.200005;-4.0413885;1.7624918;7.3074193;16.541655;6.1729918;1.8212627;1.5706074;5.601748;4.9776554
13.056607;20.07942;-3.6935546;1.6172059;7.982313;16.233496;5.541423;1.690376;1.6742314;5.544966;4.539205
13.426578;19.311428;-3.765328;1.5346541;8.023194;15.282748;5.7228885;1.8484615;1.666637;5.684284;5.39353
13.059378;20.41639;-4.1397147;1.5114454;7.6724114;15.854184;5.7236514;1.7481223;1.5290959;6.1891475;4.3018346
13.937792;19.356844;-3.6431108;1.7076572;7.7310925;16.23692;5.4713182;1.7654449;1.6260798;5.7376456;4.669097
13.469366;18.600744;-4.1953425;1.7188097;7.4465313;15.601043;6.00767;1.8603036;1.6853728;5.9469013;5.1592245
11.934817;19.305408;-3.8523011;1.574996;7.053387;16.391478;5.336532;1.9134277;1.5687214;5.783109;5.2495313
12.898331;21.681856;-3.948318;1.6015334;7.5085487;15.407764;5.8330474;1.6744721;1.8038294;5.622459;5.074099
13.1391115;19.916498;-3.761131;1.4681691;7.74142;17.042334;5.6542335;1.6958435;1.4737675;6.1518035;4.987049
11.138674;18.90971;-4.0881624;1.511414;7.5300508;16.051453;6.354752;1.647916;1.5224743;6.238844;4.9682136
12.571292;19.000685;-3.717519;1.5688826;8.652442;16.44076;6.1494904;1.7988716;1.6791413;5.6900816;4.9380503
12.765233;19.042076;-3.6874917;1.6851814;7.154269;16.003036;5.563906;1.7277851;1.6551588;6.294;5.00894
12.634888;19.523407;-3.9343753;1.6346436;7.979406;15.754409;5.8370442;1.9689147;1.585273;5.4576535;4.948963
12.687749;18.349375;-4.1768355;1.6287923;8.348465;17.923326;5.79972;1.8450457;1.5842818;6.1116323;4.738606
12.318823;18.81863;-4.122558;1.5508724;7.064712;15.642108;5.4744887;2.0291457;1.504897;6.1057687;5.099301
11.836851;18.729818;-3.8641913;1.5393059;7.694596;17.053417;5.9378266;1.9308449;1.4525472;6.033202;5.2456675
13.276328;18.376394;-4.1355057;1.7184494;7.4149976;16.217022;5.6654077;1.7665038;1.5751768;5.651449;5.1814566
11.854943;19.449217;-3.930518;1.5169232;7.371478;16.257359;5.7446237;1.7492746;1.4811956;5.6248307;5.2809405
12.756263;19.55858;-3.768051;1.6290739;7.637279;16.589947;5.6954985;1.8079289;1.6056197;6.099365;4.8791986
12.232822;19.107557;-3.7396886;1.7068099;8.211744;16.364498;5.5659065;1.8847123;1.6158237;5.5181227;5.0008025
12.273377;19.887445;-3.878062;1.669832;7.349584;15.170675;6.2172465;1.7034066;1.5230223;5.5104885;4.6216903
12.843094;19.810946;-4.073639;1.7022011;7.601521;16.711184;5.9996257;1.787475;1.513084;5.9407034;4.865412
12.63967;19.474514;-3.7710552;1.7399735;7.134623;15.291321;5.784209;1.7772729;1.5889617;5.1773863;5.0429754
12.16584;19.834639;-3.8608665;1.6351415;7.6511226;15.774728;6.0296545;1.8417743;1.6238935;5.8448853;4.950064
13.8849945;18.957632;-3.851728;1.4935459;8.171105;16.455296;5.610648;1.8563447;1.739489;6.218076;4.6483555
12.026056;18.157848;-4.2181687;1.4300901;7.835812;16.656399;5.607321;1.8920983;1.4840466;5.7669206;5.319339
12.200807;20.07587;-3.6836257;1.506073;7.4679065;16.730606;6.0559287;1.7640456;1.5913488;5.8258452;4.9412503
13.606474;20.485563;-3.8919153;1.5708196;6.8569503;16.677107;5.5828204;1.7146469;1.6236761;5.6027536;5.4404907
13.117627;19.613289;-3.685754;1.5186273;7.4406466;17.706554;6.0664806;1.7656813;1.4664799;5.765427;4.7840734
11.903029;18.962389;-3.4953272;1.64911;7.3093576;17.06656;5.930306;1.8278496;1.6327035;6.0871506;4.8284373
12.993702;18.86824;-4.0435467;1.5211746;7.4337687;13.90987;5.2766895;1.6650192;1.5698376;5.5580983;4.6610894
12.8185215;19.908197;-4.004399;1.6521963;7.653511;16.450565;5.648462;1.7663971;1.5934143;5.731603;4.6742926
13.010081;19.446093;-4.2624135;1.5800116;7.96801;18.00153;5.51715;1.8810225;1.5096279;5.9274592;4.992158
12.005693;17.522974;-4.2656813;1.5422636;7.406067;16.415384;5.770636;1.8006796;1.7168564;5.483624;4.5450144
13.043833;17.416855;-3.8428771;1.7262572;7.258791;16.391413;6.047326;1.7587857;1.5346321;5.668638;5.1757045
12.728264;18.36565;-4.2237163;1.4858137;7.6955156;16.614298;5.983067;1.7641612;1.5528123;5.615411;5.010977
13.282008;19.519526;-4.0345006;1.5597804;6.9572897;16.115839;5.6622095;1.6238177;1.7598672;6.2068067;4.7905145
13.853992;18.366766;-3.9998217;1.5451292;8.098107;17.240242;5.720039;1.743836;1.5921215;5.566057;5.413756
12.85093;18.389734;-3.9996772;1.5918968;7.4525566;16.272575;6.3260956;1.9767977;1.6712291;6.1311994;4.9211144
12.2731085;19.159288;-4.1359954;1.5894746;7.375744;18.2337;5.7958493;1.6432687;1.7521261;5.8119035;4.77655
12.193401;19.737366;-3.8205507;1.6710969;7.6782384;17.599941;5.574412;1.7809918;1.5756596;5.6181297;4.874719
11.736827;20.752441;-4.176833;1.4791565;7.4355745;17.122177;6.2309527;2.027231;1.653771;6.208968;5.2302227
13.161676;19.683437;-3.816325;1.6315281;7.556458;16.011423;5.608045;1.6185327;1.6579515;5.75253;4.9747605
11.752504;17.35806;-3.8893821;1.487848;7.3172207;16.537949;5.5879745;1.7622762;1.6345304;5.208437;5.111725
12.803675;20.105406;-3.827092;1.6019533;7.522331;16.729425;5.579018;1.874899;1.4116769;6.011728;5.1843762
11.702891;18.037159;-4.20348;1.7605494;7.149357;15.51845;5.428693;1.8010577;1.731997;6.1136675;5.000605
12.970009;19.767485;-3.4932861;1.5601227;7.061428;16.305386;5.820366;1.8247268;1.597439;5.1698956;4.7473865
12.603323;20.06917;-4.0486093;1.6981021;7.5341797;16.296856;5.5556617;1.8721555;1.7537878;6.3599386;5.520073
12.210572;19.595448;-3.9354885;1.5918976;7.361149;16.066378;6.5400023;1.8870305;1.569258;6.3436637;5.032183
11.89905;20.09252;-3.793851;1.5727403;7.638347;16.701824;5.836507;1.9372239;1.4200628;6.154924;5.517586
12.048077;18.769987;-3.8649094;1.6358439;7.734914;15.6904;6.0102754;1.939104;1.7865413;5.9197383;4.7521386
12.280811;19.888535;-3.75275;1.5378633;7.6747475;17.407784;6.238229;1.8407651;1.5589767;5.76133;4.4665895
13.22912;17.772097;-3.8518927;1.498671;7.1143875;17.300926;5.638914;1.8429809;1.6480123;5.285606;5.1740046
12.906459;19.654371;-3.7058487;1.6840364;7.8958473;17.24953;5.4807696;1.7241068;1.6500099;5.5148253;5.3458595
13.097449;18.79078;-3.8146405;1.4098926;8.141774;15.999453;5.733567;1.7901655;1.6984334;5.7137504;5.2127976
12.379074;18.501184;-3.9935443;1.5634857;7.4668884;15.62065;6.000437;1.8303268;1.6994408;5.282353;5.3986354
13.214195;18.689812;-4.0801587;1.7025063;7.7148623;16.415699;5.7817206;1.7660152;1.532497;5.352987;4.723366
13.726152;19.425205;-3.998279;1.5350622;7.9549327;19.051628;6.2631397;1.7422627;1.6810327;5.6446824;4.749756
12.723244;19.602606;-3.7507927;1.6536183;7.141958;17.095345;5.542096;1.9082487;1.5080076;5.795571;4.817296
12.6508465;20.473356;-3.6498919;1.5261492;7.810686;16.68193;5.630623;1.7733449;1.6122081;5.7883677;5.5782795
12.571876;19.27836;-4.2498627;1.5959647;7.424909;16.366411;5.620396;1.8778491;1.560871;5.739466;5.045042
13.659718;19.778337;-3.5825706;1.5870908;8.309182;16.94736;5.67428;1.7645618;1.6510575;5.7719054;4.6872687
12.865481;19.695934;-3.8362403;1.5775468;7.877243;16.161158;5.4674544;1.8249125;1.6497872;5.5080385;5.285039
13.3298435;19.294182;-3.5772805;1.5838407;7.6296334;16.586233;5.856594;1.8186129;1.5894717;5.6625853;4.6098447
12.515829;17.82992;-4.0708456;1.569775;7.1945806;15.22816;5.832203;1.8072168;1.6427984;5.302853;5.2543135
12.881109;19.80938;-4.0591917;1.607134;7.8680944;17.561794;5.6425996;1.7876067;1.6075133;5.571196;4.9809613
12.286076;18.72584;-3.7114842;1.4767915;7.054955;17.32971;6.070037;1.9249495;1.6574578;6.0706043;5.3021126
12.871752;19.07137;-3.8152163;1.6294665;7.040469;16.827068;5.689625;1.7618715;1.6687453;5.960532;4.5553727
12.901147;17.620531;-3.8118386;1.6863554;7.3425627;16.116705;5.9712524;1.8917392;1.637027;5.6450906;4.934916
12.7411;19.879269;-4.010314;1.613493;8.668164;17.468685;5.706747;1.895635;1.5819525;6.0199876;5.2349367
11.4512825;19.747248;-3.7913952;1.580492;7.8339057;17.009771;6.257473;1.9425911;1.6076151;5.276127;4.99538
12.520888;19.036825;-3.7312496;1.5173719;6.91847;16.407608;5.784813;1.7529113;1.5005251;5.7837343;5.0872827
12.757635;17.824339;-4.24349;1.7034677;7.2568583;16.396757;5.8984942;1.7001879;1.5399079;5.7671986;5.1979146
13.535037;19.362528;-4.1976132;1.6648921;7.592104;16.75727;6.223906;1.5657218;1.65475;6.0279613;4.833828
12.822412;19.397175;-4.0078073;1.6516579;7.638729;16.271898;5.7410808;1.6834941;1.4099952;5.722632;4.9860907
12.021547;16.85594;-3.7653794;1.6088325;7.720273;15.461425;5.685374;1.7121954;1.4428757;6.043945;4.946174
12.135237;19.916206;-3.7335415;1.6494867;7.4231677;15.868811;5.5679035;1.8221546;1.7955692;5.9507294;5.0301104
13.978776;18.388802;-4.041647;1.5102739;6.9728;17.145693;6.0207863;1.7740697;1.6792082;5.943125;4.8411007
12.135071;18.580475;-3.8800237;1.5608286;7.423125;15.473833;5.6286035;1.7451005;1.672884;5.625439;4.6955256
12.181854;17.994112;-3.603707;1.6700068;7.740836;16.146872;6.3428264;1.7990441;1.5948848;5.933563;4.9014354
13.928229;19.25389;-3.860959;1.5578256;7.498719;18.672405;5.998021;1.8223821;1.5622214;5.1178436;5.011947
12.203094;19.633757;-3.910691;1.6931635;7.5559044;16.83855;6.185422;1.7890701;1.698365;5.7268806;5.036795
12.635087;19.278257;-3.8048966;1.6382324;8.963603;17.845036;6.198539;1.7035848;1.5933535;5.7071085;4.9558287
12.952873;17.822308;-4.1091027;1.465161;7.042619;16.730097;5.875665;1.9082878;1.5116936;5.643059;4.8512354
13.656949;18.088728;-4.122622;1.5944612;7.0026665;15.97148;5.889352;1.7777977;1.6258378;5.815883;5.049273
12.416958;19.641752;-3.60468;1.7328368;7.7201757;16.338428;5.2703834;1.6147871;1.6667643;6.062324;5.20171
12.35689;18.16668;-3.8282545;1.5688744;6.9781876;16.839548;5.396971;1.838801;1.5803667;6.197701;5.1881785
12.576344;17.900265;-3.8742955;1.4495397;7.8957872;16.37017;6.006222;1.8733894;1.496015;5.4366565;5.313214
11.94475;19.860752;-3.8791463;1.6184968;7.6854663;15.445263;5.5810785;1.7207493;1.6546165;5.8138165;4.7230315
12.954814;19.64062;-3.418921;1.5348586;7.088042;16.602913;5.4682355;1.7606094;1.7740047;5.723188;4.9855766
13.191176;18.817846;-4.1192856;1.6785531;7.2122617;15.861498;5.5195966;1.7124562;1.5475888;5.5917754;4.8585973
12.907194;20.048986;-4.1500196;1.4752828;6.915891;16.626326;5.8196483;1.7329805;1.7100321;5.780197;5.368337
10.95901;17.610447;-3.7760913;1.6271658;8.275132;16.396217;5.9716506;1.7781497;1.5521822;5.665525;4.782475
14.702615;19.93654;-3.50139;1.5025326;7.455352;16.19195;5.846989;1.7257226;1.6743364;5.295549;5.02823
13.030356;17.910662;-3.9445803;1.6077226;6.8587346;16.125595;5.775065;1.7802266;1.6753504;5.7183437;5.100806
13.704325;20.435244;-3.7586539;1.5854588;7.9288874;17.399899;5.6528597;1.9494001;1.6551974;6.080178;4.7235575
12.686274;18.465212;-3.7034626;1.4942179;7.1561575;18.834791;5.941079;1.6536914;1.6175367;5.611209;4.703028
12.661791;19.447533;-3.8246605;1.4110967;7.4743147;15.447147;5.4271483;1.6834934;1.6504303;5.8928795;5.046382
13.458871;19.080387;-3.7601497;1.5732443;6.910941;17.012571;5.9544406;1.885055;1.7337762;6.023184;4.718244
11.720788;18.160547;-3.9535582;1.6627967;7.020726;15.615566;6.076565;1.7605134;1.7657115;6.1966763;5.0828443
14.111968;18.910746;-3.7922738;1.5951238;7.592407;17.715858;5.669455;1.8791091;1.6018287;5.703391;4.938414
14.052626;20.715704;-4.2419624;1.673074;7.67194;15.040564;5.9965553;1.8214812;1.5223659;6.4177446;4.8529077
13.771304;17.534328;-3.8526413;1.459639;7.901913;14.932171;5.940807;1.9320859;1.6852509;6.329725;5.675575
12.783705;19.01166;-3.7891243;1.4232721;7.22407;17.88804;6.6220584;1.8256528;1.4532343;5.978039;4.7438865
12.483741;16.68879;-3.5080988;1.6484935;7.707899;16.82717;5.841748;1.7024376;1.6727743;5.979065;5.0439296
12.786656;20.43708;-3.9436238;1.6250768;7.543203;16.467857;5.391911;1.7345353;1.6177411;5.64375;4.8503532
13.190743;18.476877;-3.75011;1.6603625;6.9836183;16.074945;6.33345;1.9429564;1.6494442;5.1993833;5.063746
12.126858;20.00953;-3.9796462;1.553775;7.10787;15.441305;5.683072;1.9148328;1.5999244;6.0903225;5.1107807
11.915403;16.729465;-3.834207;1.6240185;7.704809;16.253817;5.0557203;1.7337786;1.6884955;5.848312;4.822788
13.528364;18.7633;-3.5529413;1.5484697;7.2755446;16.596252;5.4891753;1.7403973;1.6403561;5.391583;5.537559
13.015151;20.26192;-3.6033409;1.7121224;7.2985115;18.484789;5.403133;1.798803;1.665282;5.7271504;5.075283
11.639073;17.392408;-3.9813097;1.7157611;7.374832;15.638232;5.786254;1.8078125;1.5081159;5.7863245;4.7144904
12.293925;18.9623;-3.9888697;1.7378778;7.742972;17.307777;6.0040164;1.8079219;1.4891846;5.4364305;5.0620413
12.743812;18.660667;-3.6990438;1.6283592;7.4282913;18.445925;5.8378773;1.8970815;1.6771317;5.8026676;5.3097997
12.622363;19.082787;-3.8824313;1.6289523;7.7799516;18.879221;6.2665086;1.8432485;1.6298835;5.8328586;5.3793354
13.511985;18.735607;-3.708721;1.698646;7.1859975;15.631663;5.729151;1.5699186;1.6054506;5.7501593;4.629091
11.903671;18.413923;-3.5338814;1.5704042;7.9977074;16.581009;5.44892;1.7359949;1.6811715;5.112686;5.0260777
13.154395;18.446384;-3.6338902;1.6698673;7.6217446;16.947872;6.1532707;1.8300256;1.6474501;5.7033954;5.553956
13.001269;18.495522;-3.9066045;1.5571381;7.0641704;17.514645;5.3841333;1.6911229;1.5350144;6.039789;4.8961663
13.033709;19.03838;-3.4303794;1.4463222;8.418547;15.533953;5.7220716;1.6559268;1.5671736;5.4896445;5.4174356
12.690731;18.923878;-3.838682;1.6228876;7.5704794;15.895396;6.022366;1.9243408;1.6983283;6.295327;5.681767
12.439463;18.583544;-3.810508;1.6866027;7.6691885;17.31576;5.5726805;1.6962034;1.5544707;5.825698;5.272695
12.96992;19.141312;-4.0293794;1.7030993;7.349062;16.785456;5.710393;1.7823335;1.7158737;5.787939;5.1225243
13.413142;19.112999;-3.5554523;1.5355291;6.5155144;15.866368;5.630002;1.8369179;1.5912153;5.737097;5.360455
13.538022;18.125448;-3.7004163;1.5965093;7.035094;17.299221;5.6381426;1.8067647;1.6164827;5.344982;4.899195
12.448269;17.756289;-3.8814285;1.6133708;7.916694;18.1194;6.026085;1.7880433;1.5388868;5.8441863;4.9738474
13.678519;19.561323;-4.113405;1.7514782;7.7694407;16.566628;5.983457;1.8368305;1.5346177;5.8370657;4.9950175
12.664976;18.90982;-4.1467514;1.6540637;6.541438;16.293255;5.4601073;1.6951934;1.3704356;5.8842273;4.9371753
12.286678;20.196299;-3.571663;1.7918837;7.8693175;17.028034;5.86627;1.8393447;1.6322119;5.685658;5.08977
13.218733;20.048086;-3.6604402;1.7199305;7.395346;14.978441;5.718915;1.8142586;1.3857329;5.2169814;4.836984
12.153202;18.958723;-3.8853598;1.6118567;7.9590454;15.763114;6.0176663;1.7692757;1.425415;6.4121456;5.333347
12.631652;17.81614;-3.9474623;1.4269434;7.5684056;17.96119;5.4421263;1.8772318;1.6249835;5.62286;5.385659
12.442385;17.987642;-3.8574147;1.6272068;6.9288573;15.338337;5.9414115;1.7756646;1.7422469;6.1172895;5.0923886
13.776111;20.683783;-3.8960402;1.5389478;8.091898;16.860357;5.5633984;1.9080206;1.6159478;5.118808;4.9194694
12.928856;20.233524;-3.7298505;1.6127698;7.481471;16.387838;5.8404956;1.8933687;1.5405344;5.3739004;5.009544
12.503562;19.32422;-3.8850746;1.6016426;7.5935707;16.999954;6.1678214;1.7447171;1.5025724;5.7606373;4.8041997
13.391498;18.446993;-4.074898;1.5134605;7.474506;16.75771;5.545753;1.9034948;1.5770013;6.1604137;5.20644
13.094885;18.797834;-3.5849824;1.6189281;7.6433654;16.626293;6.5028977;1.845918;1.6481706;5.5254006;5.063534
13.600101;17.887827;-3.9525313;1.498698;7.612041;18.034216;5.2181697;1.7516415;1.5829896;5.865591;5.142907
13.005183;19.79201;-3.7804124;1.4866233;7.5054765;16.651154;5.5706997;1.8911359;1.6224291;5.7875323;5.033251
12.757466;20.20231;-3.872522;1.4310718;7.4590125;16.943747;5.4621634;1.811591;1.6151912;5.827832;4.7684283
11.821237;18.862091;-3.7457473;1.5910429;7.4319324;16.858662;6.1065245;1.6766957;1.5514219;5.5948973;5.4761314
13.117363;17.97111;-3.9087958;1.6386253;8.021855;18.01999;5.8611226;1.8947272;1.6064963;5.539621;4.970711
12.498226;19.484583;-3.912339;1.5898213;7.1591825;16.30094;5.8631535;1.7165788;1.560751;5.894869;5.025853
12.102164;18.408472;-4.1556826;1.533445;7.5905347;15.948853;5.3207264;1.9157383;1.5318365;5.4836416;4.77634
12.097075;17.781416;-3.6087506;1.7059914;7.3603215;16.795597;5.926574;1.8276502;1.5769355;5.421482;4.892188
12.923463;18.737389;-3.7427485;1.6028996;7.434423;16.367632;5.6154866;1.9041301;1.789164;5.225877;5.18977
13.336651;18.779932;-3.9411077;1.6711503;7.974923;15.146297;6.049858;1.8716149;1.6048534;5.8480577;4.549633
13.112871;19.002726;-3.91501;1.6608176;7.9454894;18.283981;5.7243237;1.73997;1.6692418;5.9734354;4.6050897
12.425536;20.04269;-3.893407;1.4985983;7.492441;17.85343;6.1022696;1.8703108;1.6048886;6.421045;4.8043137
12.11487;18.146984;-3.9458876;1.7508351;8.216338;16.9605;5.94216;1.8620349;1.5663327;6.0953054;4.9882193
11.1544695;18.805912;-3.8159611;1.6586788;7.8593855;15.761329;5.577382;1.8987172;1.5774989;5.544234;4.757846
12.556471;20.156345;-4.105793;1.5604761;7.2858706;16.481071;6.1517134;1.79831;1.5534626;5.8040056;4.63512
12.622153;19.353115;-4.2034984;1.5811754;7.434599;17.365942;5.8510437;1.9113108;1.5142125;5.876397;5.187528
11.810896;16.241163;-4.270505;1.6198126;6.725415;16.732662;5.9271345;1.765017;1.6400539;5.678542;4.9579754
13.14158;19.514198;-3.7252321;1.5801271;7.7243133;17.23176;5.7897825;1.7350123;1.5929484;5.818504;4.992236
12.948323;19.770206;-3.8628056;1.7446138;7.882436;15.126752;5.887811;1.7636836;1.6679205;5.963028;5.315432
13.076728;19.539808;-3.7534165;1.5368317;8.212922;16.751173;6.028203;1.9233793;1.7360681;6.105146;4.529794
11.784888;20.243608;-3.7747595;1.6012555;8.2131195;17.44138;5.6078706;1.9111352;1.5950562;5.3938704;4.9090266
11.708594;18.563128;-3.780472;1.4820787;7.6261992;17.421337;6.0129943;1.9499404;1.5557346;5.7069087;5.0128593
13.319516;19.827377;-3.7039592;1.624204;7.3167152;15.255453;5.897668;1.8081428;1.5686533;5.836958;5.3673587
12.527816;19.248064;-4.1760306;1.4777808;7.7446084;17.40325;5.8685927;1.7320657;1.6898314;5.470697;5.412821
13.533323;19.522228;-3.9164999;1.5862782;6.753076;17.052095;5.8609657;1.7440876;1.5326817;6.0402517;5.353644
13.654242;20.199055;-4.1146626;1.5926329;6.8221498;14.938595;5.4883256;1.8201969;1.540966;5.7985263;4.760004
13.341231;19.629202;-3.5802891;1.7138234;7.2122893;17.429432;5.8258457;1.538728;1.5829805;5.1560707;5.0172057
13.181152;18.566685;-4.065521;1.6962456;7.438403;16.360428;5.497864;1.8113334;1.535119;6.167734;5.3626904
13.099304;19.523195;-3.9977968;1.4886353;7.464488;17.76823;5.9053645;1.8083501;1.6596986;6.051789;5.3787465
13.448318;19.217478;-3.6151035;1.7159985;7.7845116;15.975576;5.8190484;1.7739922;1.6344724;5.355458;5.556913
12.384299;19.416239;-3.6807399;1.5131994;7.523074;15.560533;5.3883543;1.7724855;1.6528392;6.2109766;5.0587063
13.817506;19.192375;-3.509981;1.6207018;7.6855154;15.673827;5.671155;1.795792;1.6405373;5.154157;4.8247476
12.518054;20.08502;-3.7766948;1.764393;7.4830832;18.043463;6.1669817;1.8001293;1.5643545;5.9359064;4.9239416
12.198644;18.529842;-3.7635937;1.5795585;7.7551565;16.389091;5.9452763;1.8811054;1.5471162;6.000468;4.8569856
12.223192;18.392735;-3.9021926;1.6168014;7.388271;15.988352;5.8920813;1.8504049;1.6481771;5.132555;5.3088417
11.802311;18.22345;-4.1491566;1.5180863;7.6297255;14.1570015;5.456664;1.6941181;1.6191462;5.849754;5.0657363
13.219592;19.2264;-3.932719;1.5881509;7.448653;17.011467;5.455328;1.7325661;1.6979717;6.1121917;4.9754663
13.082577;18.297434;-3.7370975;1.7972555;7.7050624;17.266188;5.6926537;1.89033;1.620046;5.823474;5.50489
13.710734;17.267534;-3.9624286;1.5541618;7.4777837;17.369246;5.7381067;1.7502116;1.5193915;6.21865;4.718335
13.4846325;17.979847;-3.7934887;1.7031174;8.261769;16.424273;6.145528;1.7781228;1.6942431;5.913157;5.1474524
13.66997;19.597124;-3.9372761;1.6317761;6.9326444;16.10579;5.8849797;1.9038149;1.6100566;5.673967;4.840212
12.226159;18.969297;-3.794508;1.6477213;7.2914767;15.915233;5.896959;1.6813583;1.6254436;5.8868065;4.4731607
13.0421095;18.871235;-3.877571;1.5741738;7.732621;16.853222;5.4174576;1.8378288;1.4816;5.785418;4.8702874
12.55005;18.594246;-3.8756864;1.5521704;7.411636;16.632118;5.621893;1.8468381;1.562599;5.589208;5.211227
12.280023;17.988539;-3.5412643;1.7678093;8.417345;15.509388;6.02812;1.8133804;1.6092862;5.7164583;5.2782836
12.412121;20.657728;-3.907224;1.660487;6.856232;16.26286;5.510451;1.841276;1.6251378;6.094777;4.874953
13.628127;19.329145;-3.9368894;1.6854773;8.176143;16.607244;5.921134;1.8437268;1.6374447;5.6302304;5.458507
12.650728;19.515606;-3.7164125;1.6027981;8.038544;18.091137;5.8784904;1.720523;1.5830827;5.3165736;4.765816
12.194409;19.164371;-4.084348;1.6198062;7.3790245;15.67013;5.7601757;1.9650049;1.6709341;5.352414;4.863709
13.477342;20.183842;-3.7350342;1.519525;7.21892;16.89456;6.2430787;1.7051753;1.5956289;6.029761;5.00733
12.68025;19.538595;-3.6848383;1.5440298;7.0006294;16.996283;6.199413;1.7949921;1.5697725;5.9538345;4.954581
12.410165;19.337553;-4.010736;1.5248264;7.450681;15.581362;5.759732;1.6234492;1.638479;6.01857;4.9069057
12.154838;20.944872;-4.1367164;1.463365;7.287727;17.131245;5.719797;1.9294069;1.6524799;5.8445454;4.628144
13.410044;17.989294;-3.7297664;1.5369186;7.6836357;15.866497;5.9449487;1.7927235;1.7160027;6.188237;4.90388
12.79262;19.677904;-4.0680037;1.5282089;7.328058;15.933086;6.0247355;1.8148806;1.708388;5.8978887;5.2357454
11.88179;17.143173;-3.9290268;1.6441008;7.701625;17.404055;6.0054064;1.7632616;1.722806;5.672566;4.874208
12.14246;18.832708;-3.7308831;1.5955802;7.531932;17.299376;6.195164;1.7487656;1.617611;6.107931;5.0914707
12.363688;21.761324;-3.9503813;1.7326599;7.208029;17.83002;5.995112;1.8088899;1.6634179;5.8379745;5.2809978
12.549149;18.270887;-3.4524152;1.6308733;6.810471;16.392273;5.6289167;1.9809879;1.6930127;5.4080834;4.915324
12.970492;18.193714;-4.203572;1.6631689;7.4632926;15.494625;5.370394;1.7634346;1.5135207;6.110326;5.2429266
13.200451;19.139122;-3.8320994;1.6529007;8.383977;16.81816;5.5825324;1.9434959;1.631859;5.869051;5.128997
12.134379;18.17868;-3.7261426;1.5725224;7.5835795;16.380474;5.724253;1.8560328;1.5544217;5.618237;4.716716
13.02763;17.798037;-4.016593;1.5920411;7.9313855;16.916666;6.2780356;1.8075325;1.5404373;6.0534153;4.3296537
13.041013;19.77193;-3.8949118;1.5928063;7.324817;15.3508215;5.287652;1.7959971;1.5549952;5.912001;5.014573
13.065683;18.25818;-3.6805022;1.7288567;6.9714985;16.361715;5.449666;1.8366277;1.5850173;5.7021904;5.3155856
12.564129;18.979368;-3.9096155;1.5801017;7.362787;16.845222;5.5395713;1.7526627;1.5720685;6.2216735;4.941448
11.4518175;18.892254;-4.014832;1.7070936;7.852411;17.292036;5.5913086;1.8493727;1.5042225;5.5597167;4.8393264
12.818928;18.476656;-3.6733587;1.5727043;7.3879647;17.109835;6.2697606;1.6930254;1.6146923;5.343302;5.352378
12.498499;18.606647;-3.8885765;1.6682609;6.6732016;16.691847;5.485007;1.7154771;1.5796779;5.9626517;5.0011835
13.304511;17.540852;-4.1665077;1.6913148;7.41084;17.144236;5.3700943;1.7317832;1.4611889;5.92941;5.1838245
13.453263;17.540668;-3.9755101;1.5955366;7.5340157;17.449272;6.128015;1.8116573;1.5567722;5.494023;5.1016545
12.574085;19.338575;-3.9389827;1.7074419;6.9533067;17.292706;5.624627;1.9067701;1.5794842;5.6670933;5.218922
13.015694;17.329758;-4.1383815;1.5608245;8.0239935;15.957375;5.6860642;1.6811638;1.5306838;5.7688904;4.921455
12.509645;17.548548;-3.8885212;1.6782274;7.37231;15.669754;5.312419;1.8567115;1.6248742;5.5633273;5.031095
13.350236;18.72472;-3.6893172;1.6152909;7.4845533;16.012165;5.2596626;1.7880261;1.500996;6.26129;5.055577
12.766908;19.48022;-4.2253613;1.6254239;7.599253;16.410994;5.3213806;1.8876055;1.622428;5.383;4.9939637
11.888073;20.619968;-4.0768294;1.6450005;7.524821;16.70847;5.3612413;1.666099;1.5767169;6.312265;4.760525
11.842179;17.119083;-3.9476876;1.6255904;7.9132276;16.401838;5.692182;1.9554685;1.5465472;6.030721;5.071546
12.046482;19.977304;-3.8850746;1.6429557;6.86146;16.569954;5.887967;1.8169898;1.5264407;5.781581;5.0130935
13.086842;18.862768;-3.9531386;1.716479;7.6070824;15.113879;5.4358377;1.8134207;1.5145361;5.3485675;5.0456257
13.027266;18.935228;-3.889786;1.7039329;7.2430077;17.045376;5.8218017;1.7454265;1.6761273;6.0099225;4.972084
13.086435;17.970808;-3.3171358;1.6677336;7.5147376;16.107416;5.7128186;1.7659532;1.5808817;6.0078664;4.810068
11.708658;19.595354;-3.9840496;1.5761358;7.795148;15.195118;5.6507807;1.7958546;1.454164;6.110714;4.786339
11.912064;19.323854;-3.7858698;1.5502627;7.4570737;16.626818;6.077765;1.776608;1.7538601;5.5319085;4.944291
12.981991;20.803776;-3.7861218;1.6465217;6.7059717;18.043442;5.653535;1.6784971;1.5695643;5.8579135;4.99041
13.06131;20.267069;-4.182431;1.4700233;7.9948745;15.933415;5.679827;2.0741248;1.7297354;5.2514515;4.5567636
13.27921;18.520676;-3.8612428;1.5121633;8.288898;16.226746;6.05619;1.8102738;1.510707;6.266784;5.224598
11.085584;19.130676;-4.053461;1.5315467;7.921788;16.35764;5.6697183;1.9025855;1.641612;5.923411;4.7081985
13.822061;19.331215;-4.020505;1.6738682;7.0589414;16.020422;5.87704;1.8497374;1.4958086;6.116452;5.0349774
12.253159;18.531017;-3.887087;1.480316;8.02841;16.137163;5.401393;1.8741773;1.693234;6.2513275;4.847653
11.730109;16.482979;-3.7603307;1.497513;7.0983353;16.671476;6.4759793;1.7286167;1.6197228;5.6789846;5.0387034
13.513184;19.168728;-4.0262046;1.5780318;7.298483;17.920784;5.3145037;1.8504385;1.5456189;5.952462;5.3058095
13.696629;17.764324;-3.7905352;1.7361013;7.1162806;16.724928;6.37259;1.8944665;1.5074669;5.541121;5.039603
12.371647;17.267134;-4.040295;1.5763927;7.747981;16.780212;5.732874;1.7369083;1.5416076;5.873235;4.95542
12.451303;20.19856;-4.0780973;1.6499501;8.040849;16.285309;6.0310316;1.7248021;1.5577416;5.5717187;5.3104897
13.046608;19.457047;-3.486062;1.4401878;7.373648;16.748482;5.593131;1.7523643;1.601823;5.6664395;4.6681485
12.99706;19.059729;-3.7315865;1.5640458;7.255576;14.4106045;6.186128;1.7917054;1.3599508;5.86452;4.9113584
14.34536;20.615833;-3.9813113;1.6157153;7.9540763;16.97471;5.6790075;1.796453;1.5047276;5.9807806;4.769082
12.689599;19.449726;-3.7714286;1.733603;7.439203;16.959793;6.341536;1.7022723;1.6622112;6.0376406;4.981145
12.188865;18.191328;-3.9608204;1.6887691;7.5864477;16.715254;5.650969;1.7425921;1.4708228;5.3316326;4.7619033
12.664745;17.48963;-3.3889318;1.5699877;7.237473;17.556536;5.6475773;1.7623128;1.6687086;5.44769;5.290059
13.603723;18.148872;-3.732058;1.7097336;6.8211937;16.667788;5.719107;1.7522225;1.4741695;6.0522146;4.73877
13.395054;18.559273;-3.7725205;1.6593513;8.0383215;16.933863;5.8773108;1.8872712;1.5507693;6.2429605;5.174917
13.1538725;19.53018;-3.6930826;1.502821;7.9832964;16.453598;5.916422;1.8276623;1.5684875;6.067179;5.390145
13.189763;19.842085;-3.9798572;1.5220147;7.458295;16.70148;5.926897;1.7805635;1.7140384;6.1816187;4.9681015
11.835818;19.306637;-3.9279418;1.5224028;7.43569;15.7076435;5.7423964;1.9233793;1.5614098;5.5146346;5.322681
12.700772;20.054314;-3.8663323;1.5844887;7.5484505;17.617811;5.6687713;1.8558135;1.7139434;5.785137;4.7969866
12.834133;18.96542;-3.934401;1.5734582;7.703332;16.690264;6.0852165;1.7624983;1.6561443;6.1769757;4.9450827
13.147009;19.672869;-3.8081136;1.6401813;7.6205015;16.769209;5.494454;1.8330542;1.479717;5.7707953;5.0040197
12.724447;18.373888;-3.8108726;1.5086117;8.117254;15.208869;5.5733113;1.7738532;1.5667657;6.041595;4.949812
12.785022;20.844456;-4.001009;1.6942126;7.5110636;15.5254345;6.2567315;1.6915728;1.4901788;5.570941;5.0655537
12.251722;19.113825;-3.6201298;1.6215736;7.9160633;16.234184;5.608937;1.7199724;1.5736697;5.7459702;5.2563314
13.585043;18.282154;-3.8727887;1.5090408;8.275299;16.448011;5.608963;1.8728302;1.5796237;5.579228;5.205921
12.757944;19.562063;-3.730418;1.6100564;8.236194;17.290745;5.5503135;1.8001595;1.4377967;6.049841;4.9398775
12.172084;16.725101;-3.857966;1.4307325;7.3056917;15.58334;5.841374;1.9256454;1.5379539;5.695237;4.8561735
13.161365;19.055326;-3.8662636;1.6705085;7.8091135;16.389353;5.923107;1.7289848;1.6425769;6.1021914;5.199849
12.719398;19.466204;-4.2131133;1.4431504;7.7239113;16.756315;5.811054;1.7095963;1.5003494;5.9094687;5.244945
13.224432;18.955812;-3.7149792;1.6725156;7.0049796;16.758846;5.946579;1.8745321;1.6482584;5.7958794;5.053722
11.665389;18.594578;-3.7697697;1.4538767;7.7384615;15.237727;5.5155106;1.6488073;1.5304253;5.3558717;5.05323
11.974267;19.5697;-3.8096879;1.5106302;7.381878;16.478249;5.3751965;1.7597272;1.5076171;5.496069;4.710044
11.603607;18.041018;-3.9396296;1.562654;7.2111297;17.247038;6.1652822;2.005946;1.6745685;5.5974064;5.026241
13.123579;18.815842;-3.7238445;1.620966;8.279302;18.62464;5.6395974;1.8031507;1.5473495;5.99198;4.883477
13.145449;18.740192;-4.079697;1.4248945;7.6652064;16.76442;5.989276;1.737104;1.5110977;6.3985033;5.0014043
13.460711;19.644327;-3.870247;1.599443;6.6591263;17.109575;5.177454;1.9086512;1.4512591;5.537509;4.8033175
12.487364;19.594196;-3.936842;1.5638709;7.3837676;16.759418;6.3383946;1.7772826;1.4774004;5.5063276;4.6702356
13.242242;18.729527;-3.9171684;1.6167815;7.5551624;17.345993;5.8891253;1.7968388;1.6099498;5.6185412;4.395497
13.242553;18.87894;-3.8419144;1.6312099;7.496131;15.838378;5.767174;1.7895737;1.7205197;6.0572615;4.997306
11.427801;18.930336;-3.9881365;1.4716429;7.85559;16.840717;5.7885456;1.8140204;1.7167284;5.628549;4.9027843
12.275681;17.978792;-4.1021442;1.6436465;8.108335;16.559387;5.6415005;1.9495189;1.719673;6.3258457;4.940741
13.802518;18.39501;-3.7423692;1.6166161;7.184874;15.611041;6.3673983;1.7460405;1.542374;5.9770813;5.473671
12.529788;20.385397;-3.8874257;1.6868116;7.6447606;17.505335;5.8170466;1.7705019;1.4599496;5.8181605;4.98134
12.086602;19.14215;-4.065889;1.5347002;7.55159;15.650507;5.7299643;1.8844519;1.6934402;6.4411817;4.956069
12.890059;19.58064;-3.8593092;1.4483188;6.8489027;16.856415;5.515972;1.7886904;1.7926506;5.4076347;5.458713
13.132204;17.625687;-3.6064665;1.6221397;8.175955;17.38157;5.651983;1.7965947;1.4290725;5.6456676;4.6165667
12.777537;17.38006;-3.8352015;1.6183561;7.3525133;17.218136;5.6986823;1.6977723;1.6799885;6.1126466;5.2811065
12.224257;18.580727;-4.4661336;1.6535816;7.124877;16.667662;5.7930217;1.7925105;1.6928867;5.372902;4.8107595
12.917385;18.196291;-3.8198793;1.6438171;7.927202;15.966898;5.8163686;1.7505349;1.6530869;5.6403866;4.732775
13.231401;19.551609;-4.15393;1.5928696;7.78428;15.295553;5.854042;1.79979;1.6568509;6.068452;4.8947067
13.311825;18.441381;-4.1716266;1.5529112;6.9947906;16.137104;5.797895;1.8081285;1.5822843;5.8566403;4.8295884
11.8281355;18.367947;-3.8612785;1.7031542;7.6799583;16.63606;5.7837873;1.7672832;1.5418671;6.2654023;4.6921535
13.448721;19.179996;-4.2363424;1.3046193;7.6888514;17.2349;6.1892424;1.7836353;1.4733303;6.033193;5.4986467
12.170105;19.385405;-3.650279;1.6201926;8.013785;15.942774;5.7937284;1.764986;1.5744642;5.2314725;5.488662
12.030371;20.117216;-3.6621273;1.7871886;7.47261;16.9588;5.851743;1.944656;1.5644048;5.7450533;5.0042005
11.623759;20.19323;-3.8969343;1.5540518;7.1310973;16.5906;5.724744;1.7995772;1.6693983;5.7034235;4.9232736
11.916576;20.87443;-3.5393991;1.5795418;7.3734074;16.98052;5.261613;1.7599235;1.6334779;5.165936;4.788511
11.468897;20.441969;-3.8061993;1.6169834;7.869591;15.818155;5.5683985;1.6369778;1.5039686;5.242441;4.764533
11.422993;19.33322;-3.563263;1.5780833;7.631058;15.218219;5.958483;1.9951147;1.5712614;6.0869284;4.841173
13.274173;18.58683;-3.816316;1.7123103;8.048129;16.9671;5.739582;1.6706104;1.5987618;5.739941;5.1772656
12.971077;17.579666;-3.820393;1.5226152;6.8160286;16.983654;5.9850783;1.758578;1.6310482;5.894216;4.569493
12.675655;18.942589;-3.7804646;1.6061572;7.8482046;16.839714;5.1685176;1.8265607;1.6548609;5.7164383;5.3266664
13.519563;20.351934;-4.1412606;1.552682;7.4857187;18.110676;5.3797574;1.6325393;1.5136483;5.3710036;5.2354693
12.911484;18.27932;-3.888055;1.6687654;8.354373;17.640755;5.6819954;1.7978642;1.5529884;6.159641;4.9880114
11.9399395;18.400892;-4.0075307;1.559002;7.588534;15.76772;6.038173;1.6612872;1.5476544;5.3853726;4.3092074